pending_id,setup_id,created_ts_ms,signal_open_time,symbol,side,score,confidence,reason,breakout_level,signal_price,signal_high,signal_low,oi_jump_pct,funding_pct,vol_ratio,strategy,market_regime,btc_price,btc_24h_change_pct,btc_4h_change_pct,btc_1h_change_pct,btc_24h_range_pct,btc_4h_range_pct,alt_market_breadth_pct,btc_regime,score_oi,score_exhaustion,score_breakout,score_retest,reason_tags,status,close_reason,bars_waited,closed_ts_ms,send_decision,skip_reason,is_confirmed,confirmed_ts_ms,is_sent_signal,sent_ts_ms,review_eligible,review_exclusion_reason,semantic_consistency,semantic_issue,close_anchor_time_ms,close_capture_basis,future_1h_max_favor_pct,future_1h_max_adverse_pct,future_2h_max_favor_pct,future_2h_max_adverse_pct,future_4h_max_favor_pct,future_4h_max_adverse_pct,reclaim_breakout_2h_YN,reclaim_breakout_4h_YN,outcome_1h_available,outcome_2h_available,outcome_1h_summary,outcome_2h_summary,post_close_outcome_notes,outcome_conclusion_code,entry_feasible_YN,entry_feasible_window_minutes,entry_slippage_pct,entry_execution_note,time_to_max_favor_minutes,time_to_max_adverse_minutes,close_trigger_detail,confirm_fail_detail,invalidation_detail,regret_valid_YN,regret_filter_reason,regime_label,regime_fit_for_strategy,setup_quality_band,delivery_band,veto_reason_code,dispatch_action,dispatch_confidence_band,dispatch_reason
ARIAUSDT-SHORT-EXH-1774309500000,ARIAUSDT-SHORT-EXH-1774309500000,1774310424550,1774309500000,ARIAUSDT,SHORT,60.70673909700323,0.6070673909700323,1h exhaustion 33/35 + 15m breakdown 28/30 -> retest fail pending,0.25888,0.25696,0.26228,0.256,-0.05065812949812433,0.005,1.5662148097363053,short_exhaustion_retest,BULLISH,70934.0,4.575,0.12714154480505552,0.10893814937792598,6.188428680181572,0.1374090985963132,0.0,bullish,0.0,33.0,27.70673909700323,0.0,1h_top_tests=2;1h_failed_breakout;1h_no_accept_above_resistance;1h_weakening_push;15m_clean_breakdown;15m_break_dist=0.74%,INVALIDATED,retest invalidated,1,1774311362000,,,,,,,Y,,Y,,1774311362000,true_close,2.2906,0.7455,6.8835,0.7455,6.8835,2.7194,Y,Y,Y,Y,favor=2.29% adverse=0.75%,favor=6.88% adverse=0.75%,entry_ref_from_breakout_level,KILL_CORRECT,Y,10,0.0000,entry still reachable within 10m,109,14,,,,N,no_meaningful_fast_move,BULLISH,not_evaluated,not_evaluated,not_evaluated,not_evaluated,not_evaluated,not_evaluated,not_evaluated
KATUSDT-SHORT-EXH-1774309500000,KATUSDT-SHORT-EXH-1774309500000,1774310433357,1774309500000,KATUSDT,SHORT,58.640630593228686,0.5864063059322868,1h exhaustion 31/35 + 15m breakdown 28/30 -> retest fail pending,0.01232,0.01229,0.01255,0.01226,-0.29867815558867544,0.005,1.841903904983049,short_exhaustion_retest,BULLISH,70986.4,4.652,0.14111159245843208,0.1412527040508987,6.183860570475468,0.18445478744015675,0.0,bullish,0.0,31.0,27.640630593228686,0.0,1h_top_tests=2;1h_failed_breakout;1h_no_accept_above_resistance;1h_weakening_push;15m_clean_breakdown;15m_break_dist=0.24%,INVALIDATED,retest invalidated,1,1774311362119,,,,,,,Y,,Y,,1774311362119,true_close,1.7857,1.1364,2.3539,1.1364,2.5974,2.5162,Y,Y,Y,Y,favor=1.79% adverse=1.14%,favor=2.35% adverse=1.14%,entry_ref_from_breakout_level,KILL_CORRECT,Y,10,0.0000,entry still reachable within 10m,79,44,,,,N,no_meaningful_fast_move,BULLISH,not_evaluated,not_evaluated,not_evaluated,not_evaluated,not_evaluated,not_evaluated,not_evaluated
LYNUSDT-LONG-1774310400000,LYNUSDT-LONG-1774310400000,1774310738842,1774310400000,LYNUSDT,LONG,100.0,0.99,OI jump 5.00% + breakout pending + 15m flat + 1h flat,0.06939,0.07021,0.07022,0.06713,5.001473397799043,0.006674,5.077819301647172,long_breakout_retest,BULLISH,70880.7,4.348,0.00338667821901469,0.00338667821901469,6.193082178928816,0.3354108959859303,0.0,bullish,35.0,0.0,40.0,0.0,oi_jump;5m_breakout;15m_flat;1h_flat,INVALIDATED,retest invalidated,1,1774311043027,,,,,,,Y,,Y,,1774311043027,true_close,0.5909,4.1793,0.5909,11.6011,0.5909,11.6011,Y,Y,Y,Y,favor=0.59% adverse=4.18%,favor=0.59% adverse=11.60%,entry_ref_from_breakout_level,KILL_CORRECT,Y,10,0.0000,entry still reachable within 10m,34,109,,,,N,adverse_too_large,BULLISH,not_evaluated,not_evaluated,not_evaluated,not_evaluated,not_evaluated,not_evaluated,not_evaluated
1000BONKUSDT-SHORT-EXH-1774312200000,1000BONKUSDT-SHORT-EXH-1774312200000,1774313148169,1774312200000,1000BONKUSDT,SHORT,60.338312147904425,0.6033831214790443,1h exhaustion 33/35 + 15m breakdown 27/30 -> retest fail pending,0.005927,0.005912,0.005949,0.005896,-0.5389539887268636,-0.008069999999999999,2.7513541853114294,short_exhaustion_retest,BULLISH,70584.9,4.337,-0.3860813169662578,-0.39737024436293233,6.138848393919955,0.9945843951819191,0.0,bullish,0.0,33.0,27.338312147904425,0.0,1h_top_tests=2;1h_failed_breakout;1h_no_accept_above_resistance;1h_weakening_push;15m_clean_breakdown;15m_break_dist=0.25%,INVALIDATED,retest invalidated,1,1774314075657,,,,,,,Y,,Y,,1774314075657,true_close,1.2485,0.1350,1.2485,0.1350,1.2485,0.7930,Y,Y,Y,Y,favor=1.25% adverse=0.13%,favor=1.25% adverse=0.13%,entry_ref_from_breakout_level,WAIT_TOO_SHORT_CANDIDATE,Y,10,0.0000,entry still reachable within 10m,44,59,,,,Y,valid_missed_continuation,BULLISH,not_evaluated,not_evaluated,not_evaluated,not_evaluated,not_evaluated,not_evaluated,not_evaluated
BRUSDT-LONG-1774314000000,BRUSDT-LONG-1774314000000,1774314562569,1774314000000,BRUSDT,LONG,100.0,0.99,OI jump 5.27% + breakout pending + 15m flat + 1h flat,0.10992,0.11271,0.11337,0.10884,5.271619379457833,0.005,2.736769683910307,long_breakout_retest,BULLISH,70550.0,3.927,-0.4456304089837121,-0.14720452937013448,6.141885187810072,0.9951793122901396,0.0,bullish,35.0,0.0,40.0,0.0,oi_jump;5m_breakout;15m_flat;1h_flat,INVALIDATED,retest invalidated,6,1774316158247,,,,,,,Y,,Y,,1774316158247,true_close,12.5455,6.0953,12.5455,6.0953,36.2718,6.0953,Y,Y,Y,Y,favor=12.55% adverse=6.10%,favor=12.55% adverse=6.10%,entry_ref_from_breakout_level,WAIT_TOO_SHORT_CANDIDATE,Y,10,0.0000,entry still reachable within 10m,24,29,,,,Y,valid_missed_continuation,BULLISH,not_evaluated,not_evaluated,not_evaluated,not_evaluated,not_evaluated,not_evaluated,not_evaluated
DEXEUSDT-SHORT-EXH-1774314000000,DEXEUSDT-SHORT-EXH-1774314000000,1774314911396,1774314000000,DEXEUSDT,SHORT,48.92150470493158,0.4892150470493158,1h exhaustion 23/35 + 15m breakdown 26/30 -> retest fail pending,7.543,7.519,7.596,7.501,-0.6833360941754891,0.005,1.103382134498292,short_exhaustion_retest,BULLISH,70526.3,4.0,-0.5163273168053947,-0.17494692144374496,6.1439491367050385,0.9958865248227033,0.0,bullish,0.0,23.0,25.92150470493158,0.0,1h_top_tests=2;1h_failed_breakout;1h_no_accept_above_resistance;15m_clean_breakdown;15m_break_dist=0.32%,CONFIRMED,signal confirmed,1,1774315836728,UNDECIDED,,,,,,N,confirmed_without_confirmed_ts,N,confirmed_without_confirmed_ts,,not_due_yet,1.2992,0.0000,3.3408,0.0000,4.0170,0.0000,N,N,Y,Y,favor=1.30% adverse=0.00%,favor=3.34% adverse=0.00%,entry_ref_from_breakout_level,NO_MEANINGFUL_MOVE,Y,10,0.0000,entry still reachable within 10m,109,29,,,,N,no_meaningful_fast_move,BULLISH,not_evaluated,not_evaluated,not_evaluated,not_evaluated,not_evaluated,not_evaluated,not_evaluated
BCHUSDT-SHORT-EXH-1774314000000,BCHUSDT-SHORT-EXH-1774314000000,1774315044651,1774314000000,BCHUSDT,SHORT,54.85050502464161,0.5485050502464162,1h exhaustion 31/35 + 15m breakdown 24/30 -> retest fail pending,474.22,473.36,474.65,472.93,-0.31015433612807036,0.005669,1.253008134703107,short_exhaustion_retest,BULLISH,70500.0,3.709,-0.5301562528663252,-0.22618542108988382,6.146241134751781,0.9960249793588412,0.0,bullish,0.0,31.0,23.850505024641613,0.0,1h_top_tests=2;1h_failed_breakout;1h_no_accept_above_resistance;1h_weakening_push;15m_clean_breakdown;15m_break_dist=0.18%,INVALIDATED,retest invalidated,1,1774315836847,,,,,,,Y,,Y,,1774315836847,true_close,0.3332,0.4281,0.6790,0.4281,0.6790,0.5757,Y,Y,Y,Y,favor=0.33% adverse=0.43%,favor=0.68% adverse=0.43%,entry_ref_from_breakout_level,KILL_CORRECT,Y,10,0.0000,entry still reachable within 10m,69,4,,,,N,no_meaningful_fast_move,BULLISH,not_evaluated,not_evaluated,not_evaluated,not_evaluated,not_evaluated,not_evaluated,not_evaluated
WLFIUSDT-SHORT-EXH-1774314000000,WLFIUSDT-SHORT-EXH-1774314000000,1774315053863,1774314000000,WLFIUSDT,SHORT,59.93881959974714,0.5993881959974714,1h exhaustion 35/35 + 15m breakdown 25/30 -> retest fail pending,0.1027,0.1025,0.103,0.1024,-0.6262380830821974,0.005,1.2790890589818205,short_exhaustion_retest,BULLISH,70493.9,3.7,-0.5249351239453672,-0.2208067940552017,6.1467729831943,0.9959727011840825,0.0,bullish,0.0,35.0,24.93881959974714,0.0,1h_top_tests=4;1h_failed_breakout;1h_no_accept_above_resistance;1h_weakening_push;15m_clean_breakdown;15m_break_dist=0.19%,INVALIDATED,retest invalidated,1,1774315836964,,,,,,,Y,,Y,,1774315836964,true_close,0.0000,1.6553,0.0000,3.0185,0.0000,3.0185,Y,Y,Y,Y,favor=0.00% adverse=1.66%,favor=0.00% adverse=3.02%,entry_ref_from_breakout_level,KILL_CORRECT,Y,10,0.0000,entry still reachable within 10m,9,74,,,,N,adverse_too_large,BULLISH,not_evaluated,not_evaluated,not_evaluated,not_evaluated,not_evaluated,not_evaluated,not_evaluated
ARIAUSDT-SHORT-EXH-1774314900000,ARIAUSDT-SHORT-EXH-1774314900000,1774315861827,1774314900000,ARIAUSDT,SHORT,52.98719353048052,0.5298719353048051,1h exhaustion 25/35 + 15m breakdown 28/30 -> retest fail pending,0.25536,0.25186,0.25624,0.251,-0.5756729871337622,0.005,1.637373844976024,short_exhaustion_retest,BULLISH,70819.7,4.063,-0.06505244412332487,0.23000707714083513,6.118495277443996,0.9913894136950483,0.0,bullish,0.0,25.0,27.987193530480518,0.0,1h_top_tests=2;1h_failed_breakout;1h_no_accept_above_resistance;15m_clean_breakdown;15m_break_dist=1.37%,EXPIRED_WAIT,retest wait expired,3,1774318564754,,,,,,,Y,,Y,,1774318564754,true_close,3.2190,0.3094,3.2190,4.1353,4.4251,8.8111,Y,Y,Y,Y,favor=3.22% adverse=0.31%,favor=3.22% adverse=4.14%,entry_ref_from_breakout_level,NO_MEANINGFUL_MOVE,Y,10,0.0000,entry still reachable within 10m,4,114,,,,N,adverse_too_large,BULLISH,not_evaluated,not_evaluated,not_evaluated,not_evaluated,not_evaluated,not_evaluated,not_evaluated
SOLUSDT-SHORT-EXH-1774315800000,SOLUSDT-SHORT-EXH-1774315800000,1774316797051,1774315800000,SOLUSDT,SHORT,50.94015909268501,0.5094015909268501,1h exhaustion 25/35 + 15m breakdown 26/30 -> retest fail pending,90.56,90.32,90.97,90.1,-0.9955329587134779,0.01,1.4259108898423443,short_exhaustion_retest,BULLISH,70397.0,3.458,-0.6616722570375797,-0.3581033262561925,6.155233887807728,1.204596786794892,0.0,bullish,0.0,25.0,25.94015909268501,0.0,1h_top_tests=3;1h_failed_breakout;1h_no_accept_above_resistance;15m_clean_breakdown;15m_break_dist=0.27%,CONFIRMED,signal confirmed,1,1774317767731,UNDECIDED,,,,,,N,confirmed_without_confirmed_ts,N,confirmed_without_confirmed_ts,,not_due_yet,0.6625,0.0110,0.7178,0.0110,0.7178,0.2540,Y,Y,Y,Y,favor=0.66% adverse=0.01%,favor=0.72% adverse=0.01%,entry_ref_from_breakout_level,NO_MEANINGFUL_MOVE,Y,10,0.0000,entry still reachable within 10m,67,2,,,,N,no_meaningful_fast_move,BULLISH,not_evaluated,not_evaluated,not_evaluated,not_evaluated,not_evaluated,not_evaluated,not_evaluated
DOGEUSDT-SHORT-EXH-1774315800000,DOGEUSDT-SHORT-EXH-1774315800000,1774316800576,1774315800000,DOGEUSDT,SHORT,62.29968827260036,0.6229968827260036,1h exhaustion 35/35 + 15m breakdown 27/30 -> retest fail pending,0.09303,0.09283,0.09346,0.09262,1.5917833796651306,0.002788,2.8995302341675693,short_exhaustion_retest,BULLISH,70396.9,3.458,-0.6616722570375797,-0.35682944090588226,6.155242631422699,1.204596786794892,0.0,bullish,0.0,35.0,27.29968827260036,0.0,1h_top_tests=4;1h_failed_breakout;1h_no_accept_above_resistance;1h_weakening_push;15m_clean_breakdown;15m_break_dist=0.21%,INVALIDATED,retest invalidated,1,1774317767825,,,,,,,Y,,Y,,1774317767825,true_close,0.0107,0.6772,0.0107,0.8599,0.0107,0.9029,Y,Y,Y,Y,favor=0.01% adverse=0.68%,favor=0.01% adverse=0.86%,entry_ref_from_breakout_level,KILL_CORRECT,Y,10,0.0000,entry still reachable within 10m,57,112,,,,N,no_meaningful_fast_move,BULLISH,not_evaluated,not_evaluated,not_evaluated,not_evaluated,not_evaluated,not_evaluated,not_evaluated
LTCUSDT-SHORT-EXH-1774315800000,LTCUSDT-SHORT-EXH-1774315800000,1774316813320,1774315800000,LTCUSDT,SHORT,60.724680584633504,0.6072468058463351,1h exhaustion 35/35 + 15m breakdown 26/30 -> retest fail pending,55.24,55.1,55.36,55.02,-0.03628977978694447,0.005846,1.4483360834573134,short_exhaustion_retest,BULLISH,70383.4,3.438,-0.6855201161630465,-0.37990092002830034,6.156423247527124,1.2048860402301218,0.0,bullish,0.0,35.0,25.724680584633507,0.0,1h_top_tests=7;1h_failed_breakout;1h_no_accept_above_resistance;1h_weakening_push;15m_clean_breakdown;15m_break_dist=0.25%,INVALIDATED,retest invalidated,2,1774318564870,,,,,,,Y,,Y,,1774318564870,true_close,0.1810,0.2353,0.1810,0.6517,0.1810,0.6879,Y,Y,Y,Y,favor=0.18% adverse=0.24%,favor=0.18% adverse=0.65%,entry_ref_from_breakout_level,KILL_CORRECT,Y,10,0.0000,entry still reachable within 10m,24,99,,,,N,no_meaningful_fast_move,BULLISH,not_evaluated,not_evaluated,not_evaluated,not_evaluated,not_evaluated,not_evaluated,not_evaluated
1000BONKUSDT-SHORT-EXH-1774315800000,1000BONKUSDT-SHORT-EXH-1774315800000,1774316829509,1774315800000,1000BONKUSDT,SHORT,60.954481484812675,0.6095448148481267,1h exhaustion 33/35 + 15m breakdown 28/30 -> retest fail pending,0.005884,0.005866,0.005906,0.005854,-0.38498889261293023,-0.008395,1.8166432110979827,short_exhaustion_retest,BULLISH,70384.0,3.407,-0.6801578756496426,-0.376362349610749,6.156370766083209,1.2048209888909254,0.0,bullish,0.0,33.0,27.95448148481268,0.0,1h_top_tests=2;1h_failed_breakout;1h_no_accept_above_resistance;1h_weakening_push;15m_clean_breakdown;15m_break_dist=0.31%,INVALIDATED,retest invalidated,2,1774318564986,,,,,,,Y,,Y,,1774318564986,true_close,0.0000,0.7308,0.0000,1.5296,0.0000,1.5296,Y,Y,Y,Y,favor=0.00% adverse=0.73%,favor=0.00% adverse=1.53%,entry_ref_from_breakout_level,KILL_CORRECT,Y,10,0.0000,entry still reachable within 10m,24,109,,,,N,adverse_too_large,BULLISH,not_evaluated,not_evaluated,not_evaluated,not_evaluated,not_evaluated,not_evaluated,not_evaluated
OPNUSDT-SHORT-EXH-1774315800000,OPNUSDT-SHORT-EXH-1774315800000,1774316836406,1774315800000,OPNUSDT,SHORT,61.58296483053595,0.6158296483053595,1h exhaustion 35/35 + 15m breakdown 27/30 -> retest fail pending,0.2363,0.2345,0.2378,0.2343,-0.24082576246308626,0.003548,1.3312140886568213,short_exhaustion_retest,BULLISH,70388.7,3.414,-0.6735256308040798,-0.36999292285915664,6.155959692393816,1.204740540371594,0.0,bullish,0.0,35.0,26.58296483053595,0.0,1h_top_tests=3;1h_failed_breakout;1h_no_accept_above_resistance;1h_weakening_push;15m_clean_breakdown;15m_break_dist=0.76%,INVALIDATED,retest invalidated,3,1774319514687,,,,,,,Y,,Y,,1774319514687,true_close,0.0000,2.2429,0.4232,2.2429,1.5658,2.2429,Y,Y,Y,Y,favor=0.00% adverse=2.24%,favor=0.42% adverse=2.24%,entry_ref_from_breakout_level,KILL_CORRECT,Y,10,0.0000,entry still reachable within 10m,118,13,,,,N,adverse_too_large,BULLISH,not_evaluated,not_evaluated,not_evaluated,not_evaluated,not_evaluated,not_evaluated,not_evaluated
BRUSDT-LONG-1774317600000,BRUSDT-LONG-1774317600000,1774317938765,1774317600000,BRUSDT,LONG,100.0,0.99,OI jump 3.63% + breakout pending + 15m flat + 1h flat,0.11485,0.12116,0.12371,0.11073,3.6263089851116224,0.005,2.862368812985227,long_breakout_retest,BULLISH,70518.1,3.867,-0.49078611857041027,0.05434173431006984,6.144663568644086,1.2025281452563241,0.0,bullish,27.757853910669734,0.0,40.0,0.0,oi_jump;5m_breakout;15m_flat;1h_flat,INVALIDATED,retest invalidated,1,1774318248224,,,,,,,Y,,Y,,1774318248224,true_close,0.0000,9.3339,8.6025,9.3339,30.4223,9.3339,Y,Y,Y,Y,favor=0.00% adverse=9.33%,favor=8.60% adverse=9.33%,entry_ref_from_breakout_level,KILL_CORRECT,Y,10,0.0000,entry still reachable within 10m,109,4,,,,N,adverse_too_large,BULLISH,not_evaluated,not_evaluated,not_evaluated,not_evaluated,not_evaluated,not_evaluated,not_evaluated
PIPPINUSDT-LONG-1774319400000,PIPPINUSDT-LONG-1774319400000,1774319842802,1774319400000,PIPPINUSDT,LONG,100.0,0.99,OI jump 7.36% + breakout pending + 15m up + 1h flat,0.07383,0.07899,0.07924,0.07336,7.359210067638715,-0.012432,11.521355341560279,long_breakout_retest,BULLISH,70592.8,3.425,-0.38537575900396565,0.1601875144544881,6.138161398896213,1.2012556521344953,0.0,bullish,35.0,0.0,40.0,0.0,oi_jump;5m_breakout;15m_up;1h_flat,EXPIRED_WAIT,retest wait expired,8,1774322206944,,,,,,,Y,,Y,,1774322206944,true_close,15.6847,0.0000,17.7841,0.0000,20.0325,0.0000,N,N,Y,Y,favor=15.68% adverse=0.00%,favor=17.78% adverse=0.00%,entry_ref_from_breakout_level,NO_MEANINGFUL_MOVE,Y,10,0.0000,entry still reachable within 10m,103,23,,,,N,no_meaningful_fast_move,BULLISH,not_evaluated,not_evaluated,not_evaluated,not_evaluated,not_evaluated,not_evaluated,not_evaluated
ICPUSDT-SHORT-EXH-1774319400000,ICPUSDT-SHORT-EXH-1774319400000,1774320346488,1774319400000,ICPUSDT,SHORT,56.691359703055326,0.5669135970305532,1h exhaustion 31/35 + 15m breakdown 26/30 -> retest fail pending,2.372,2.368,2.385,2.367,-0.08465888945578066,-0.035352,1.5835154211933609,short_exhaustion_retest,BULLISH,70517.7,3.394,-0.4977005866008858,0.05363231219113948,6.144698423232757,1.2026117095806177,0.0,bullish,0.0,31.0,25.691359703055326,0.0,1h_top_tests=2;1h_failed_breakout;1h_no_accept_above_resistance;1h_weakening_push;15m_clean_breakdown;15m_break_dist=0.17%,INVALIDATED,retest invalidated,1,1774321259583,,,,,,,Y,,Y,,1774321259583,true_close,0.0000,0.7167,0.0000,0.9275,0.0422,0.9275,Y,Y,Y,Y,favor=0.00% adverse=0.72%,favor=0.00% adverse=0.93%,entry_ref_from_breakout_level,KILL_CORRECT,Y,10,0.0000,entry still reachable within 10m,4,64,,,,N,no_meaningful_fast_move,BULLISH,not_evaluated,not_evaluated,not_evaluated,not_evaluated,not_evaluated,not_evaluated,not_evaluated
DUSKUSDT-LONG-1774320000000,DUSKUSDT-LONG-1774320000000,1774320500728,1774320000000,DUSKUSDT,LONG,100.0,0.99,OI jump 3.37% + breakout pending + 15m flat + 1h up,0.10928,0.11061,0.1108,0.10812,3.36963988131021,-0.077901,4.470348003882487,long_breakout_retest,BULLISH,70532.0,3.453,-0.47695718250950037,0.09704894586968588,6.143452617251753,1.2023610514420535,0.0,bullish,26.21783928786126,0.0,40.0,0.0,oi_jump;5m_breakout;15m_flat;1h_up,EXPIRED_WAIT,retest wait expired,8,1774322842120,,,,,,,Y,,Y,,1774322842120,true_close,4.9963,0.0000,5.1245,0.0000,6.4239,0.0000,N,N,Y,Y,favor=5.00% adverse=0.00%,favor=5.12% adverse=0.00%,entry_ref_from_breakout_level,NO_MEANINGFUL_MOVE,Y,10,0.0000,entry still reachable within 10m,113,33,,,,N,no_meaningful_fast_move,BULLISH,not_evaluated,not_evaluated,not_evaluated,not_evaluated,not_evaluated,not_evaluated,not_evaluated
LYNUSDT-LONG-1774322100000,LYNUSDT-LONG-1774322100000,1774322541809,1774322100000,LYNUSDT,LONG,89.72680463664479,0.8972680463664479,OI jump 2.46% + breakout pending + 15m up + 1h flat,0.0677,0.06957,0.06966,0.06678,2.457708447579608,0.010197,2.025834697558355,long_breakout_retest,BULLISH,70509.2,3.414,-0.503345050299223,0.13249829584185824,6.145439176731555,1.202679933966064,0.0,bullish,20.746250685477648,0.0,40.0,0.0,oi_jump;5m_breakout;15m_up;1h_flat,INVALIDATED,retest invalidated,2,1774323158320,,,,,,,Y,,Y,,1774323158320,true_close,1.7725,3.1610,1.7725,3.1610,1.7725,5.2733,Y,Y,Y,Y,favor=1.77% adverse=3.16%,favor=1.77% adverse=3.16%,entry_ref_from_breakout_level,KILL_CORRECT,Y,10,0.0000,entry still reachable within 10m,12,52,,,,N,adverse_too_large,BULLISH,not_evaluated,not_evaluated,not_evaluated,not_evaluated,not_evaluated,not_evaluated,not_evaluated
ZROUSDT-SHORT-EXH-1774323900000,ZROUSDT-SHORT-EXH-1774323900000,1774324917784,1774323900000,ZROUSDT,SHORT,52.88751033912324,0.5288751033912323,1h exhaustion 25/35 + 15m breakdown 28/30 -> retest fail pending,2.1484,2.1404,2.1736,2.1333,-1.8190828953046907,0.003749,2.3428026082679874,short_exhaustion_retest,BULLISH,70508.7,3.552,-0.004680047821583685,-0.0026945729881945523,6.145482756028697,0.058716075156567946,0.0,bullish,0.0,25.0,27.88751033912324,0.0,1h_top_tests=4;1h_failed_breakout;1h_no_accept_above_resistance;15m_clean_breakdown;15m_break_dist=0.37%,CONFIRMED,signal confirmed,1,1774325846908,UNDECIDED,,,,,,N,confirmed_without_confirmed_ts,N,confirmed_without_confirmed_ts,,not_due_yet,1.1637,1.0752,1.1637,1.5965,2.0527,2.8673,Y,Y,Y,Y,favor=1.16% adverse=1.08%,favor=1.16% adverse=1.60%,entry_ref_from_breakout_level,NO_MEANINGFUL_MOVE,Y,10,0.0000,entry still reachable within 10m,43,103,,,,N,adverse_too_large,BULLISH,not_evaluated,not_evaluated,not_evaluated,not_evaluated,not_evaluated,not_evaluated,not_evaluated
JTOUSDT-SHORT-EXH-1774324800000,JTOUSDT-SHORT-EXH-1774324800000,1774325861164,1774324800000,JTOUSDT,SHORT,49.15931391996376,0.4915931391996376,1h exhaustion 23/35 + 15m breakdown 26/30 -> retest fail pending,0.3288,0.3261,0.33,0.3235,-4.719932178009371,-0.543993,1.5626886082602074,short_exhaustion_retest,BULLISH,70564.3,3.499,0.07530622403813142,0.07558986330004121,6.140640522190408,0.34407895109769177,0.0,bullish,0.0,23.0,26.159313919963758,0.0,1h_top_tests=2;1h_failed_breakout;1h_no_accept_above_resistance;15m_clean_breakdown;15m_break_dist=0.82%,INVALIDATED,retest invalidated,2,1774327590898,,,,,,,Y,,Y,,1774327590898,true_close,2.4939,2.6156,2.4939,2.6156,2.4939,2.6156,Y,Y,Y,Y,favor=2.49% adverse=2.62%,favor=2.49% adverse=2.62%,entry_ref_from_breakout_level,KILL_CORRECT,Y,10,0.0000,entry still reachable within 10m,23,3,,,,N,adverse_too_large,BULLISH,not_evaluated,not_evaluated,not_evaluated,not_evaluated,not_evaluated,not_evaluated,not_evaluated
BNBUSDT-SHORT-EXH-1774325700000,BNBUSDT-SHORT-EXH-1774325700000,1774326643372,1774325700000,BNBUSDT,SHORT,50.819000752449575,0.5081900075244957,1h exhaustion 25/35 + 15m breakdown 26/30 -> retest fail pending,632.01,631.04,632.42,630.71,0.07743225696149347,0.0,1.9687477734439518,short_exhaustion_retest,BULLISH,70480.8,3.345,-0.04438954448953145,-0.04438954448953145,6.147915460664473,0.37797527837367645,0.0,bullish,0.0,25.0,25.819000752449575,0.0,1h_top_tests=7;1h_failed_breakout;1h_no_accept_above_resistance;15m_clean_breakdown;15m_break_dist=0.15%,CONFIRMED,signal confirmed,1,1774327591237,UNDECIDED,,,,,,N,confirmed_without_confirmed_ts,N,confirmed_without_confirmed_ts,,not_due_yet,0.7721,0.0000,0.7721,0.0000,0.7721,1.0380,N,Y,Y,Y,favor=0.77% adverse=0.00%,favor=0.77% adverse=0.00%,entry_ref_from_breakout_level,NO_MEANINGFUL_MOVE,Y,10,0.0000,entry still reachable within 10m,18,103,,,,N,no_meaningful_fast_move,BULLISH,not_evaluated,not_evaluated,not_evaluated,not_evaluated,not_evaluated,not_evaluated,not_evaluated
ASTERUSDT-SHORT-EXH-1774325700000,ASTERUSDT-SHORT-EXH-1774325700000,1774326656248,1774325700000,ASTERUSDT,SHORT,62.6222819477928,0.626222819477928,1h exhaustion 35/35 + 15m breakdown 28/30 -> retest fail pending,0.6562,0.6547,0.6574,0.6541,-0.02205732939217305,-0.027097999999999997,2.4133115665408855,short_exhaustion_retest,BULLISH,70473.2,3.333,-0.055167836442268386,-0.055167836442268386,6.14857846670792,0.3780160401400734,0.0,bullish,0.0,35.0,27.6222819477928,0.0,1h_top_tests=9;1h_failed_breakout;1h_no_accept_above_resistance;1h_weakening_push;15m_clean_breakdown;15m_break_dist=0.23%,EXPIRED_WAIT,retest wait expired,3,1774329341404,,,,,,,Y,,Y,,1774329341404,true_close,2.8955,0.0000,2.8955,0.0000,2.8955,0.8534,N,Y,Y,Y,favor=2.90% adverse=0.00%,favor=2.90% adverse=0.00%,entry_ref_from_breakout_level,WAIT_TOO_SHORT_CANDIDATE,Y,10,0.0000,entry still reachable within 10m,4,119,,,,Y,valid_missed_continuation,BULLISH,not_evaluated,not_evaluated,not_evaluated,not_evaluated,not_evaluated,not_evaluated,not_evaluated
ARIAUSDT-LONG-1774326600000,ARIAUSDT-LONG-1774326600000,1774327141692,1774326600000,ARIAUSDT,LONG,100.0,0.99,OI jump 3.82% + breakout pending + 15m up + 1h flat,0.26937,0.27382,0.27786,0.26463,3.8206036387167415,0.005,3.114015113881398,long_breakout_retest,BULLISH,70312.9,2.937,-0.2772573785208496,-0.28207924597339845,6.162596052786908,0.6664144739648835,0.0,bullish,28.923621832300448,0.0,40.0,0.0,oi_jump;5m_breakout;15m_up;1h_flat,INVALIDATED,retest invalidated,1,1774327274612,,,,,,,Y,,Y,,1774327274612,true_close,0.0000,8.4976,2.6172,8.4976,14.5265,8.4976,Y,Y,Y,Y,favor=0.00% adverse=8.50%,favor=2.62% adverse=8.50%,entry_ref_from_breakout_level,KILL_CORRECT,Y,10,0.0000,entry still reachable within 10m,119,4,,,,N,adverse_too_large,BULLISH,not_evaluated,not_evaluated,not_evaluated,not_evaluated,not_evaluated,not_evaluated,not_evaluated
BRUSDT-LONG-1774327800000,BRUSDT-LONG-1774327800000,1774328235607,1774327800000,BRUSDT,LONG,88.76984402118785,0.8876984402118785,OI jump 4.70% + breakout pending + 15m flat + 1h up,0.13276,0.1344,0.13678,0.12856,4.6989149950706235,0.005,1.5707398436574291,long_breakout_retest,BULLISH,70357.5,2.811,-0.21925314945946273,-0.22549321322156055,6.158689549799248,0.727854173329057,0.0,bullish,34.19348997042374,0.0,40.0,0.0,oi_jump;5m_breakout;15m_flat;1h_up,INVALIDATED,retest invalidated,4,1774329341519,,,,,,,Y,,Y,,1774329341519,true_close,6.7415,8.2480,35.5830,8.2480,35.5830,8.2480,Y,Y,Y,Y,favor=6.74% adverse=8.25%,favor=35.58% adverse=8.25%,entry_ref_from_breakout_level,KILL_CORRECT,Y,10,0.0000,entry still reachable within 10m,104,9,,,,N,no_meaningful_fast_move,BULLISH,not_evaluated,not_evaluated,not_evaluated,not_evaluated,not_evaluated,not_evaluated,not_evaluated
JCTUSDT-LONG-1774329600000,JCTUSDT-LONG-1774329600000,1774329982324,1774329600000,JCTUSDT,LONG,87.10116190807103,0.8710116190807103,OI jump 2.63% + breakout pending + 15m flat + 1h flat,0.003543,0.003569,0.003587,0.003499,2.6286078937997934,0.010268999999999999,2.257635181809066,long_breakout_retest,BULLISH,70202.4,2.278,-0.4392153970737102,-0.18666503648709817,6.172296103836914,0.9271762788736485,0.0,bullish,21.77164736279876,0.0,36.91859224703947,0.0,oi_jump;5m_breakout;15m_flat;1h_flat,INVALIDATED,retest invalidated,2,1774330606611,,,,,,,Y,,Y,,1774330606611,true_close,0.7903,17.2735,0.7903,30.6238,0.7903,30.6238,Y,Y,Y,Y,favor=0.79% adverse=17.27%,favor=0.79% adverse=30.62%,entry_ref_from_breakout_level,KILL_CORRECT,Y,10,0.0000,entry still reachable within 10m,3,83,,,,N,adverse_too_large,BULLISH,not_evaluated,not_evaluated,not_evaluated,not_evaluated,not_evaluated,not_evaluated,not_evaluated
XMRUSDT-SHORT-EXH-1774329300000,XMRUSDT-SHORT-EXH-1774329300000,1774330320143,1774329300000,XMRUSDT,SHORT,52.297864397191674,0.5229786439719167,1h exhaustion 25/35 + 15m breakdown 27/30 -> retest fail pending,347.33,346.2,348.55,345.44,-0.30331356796187486,0.025417000000000002,2.151624948495099,short_exhaustion_retest,BULLISH,70224.0,2.362,-0.41666607575154174,-0.17088451931264773,6.170397584871277,0.9269663321384798,0.0,bullish,0.0,25.0,27.297864397191674,0.0,1h_top_tests=2;1h_failed_breakout;1h_no_accept_above_resistance;15m_clean_breakdown;15m_break_dist=0.33%,CONFIRMED,signal confirmed,1,1774331242972,UNDECIDED,,,,,,N,confirmed_without_confirmed_ts,N,confirmed_without_confirmed_ts,,not_due_yet,0.6132,0.5557,0.6132,0.8868,0.6132,1.2438,Y,Y,Y,Y,favor=0.61% adverse=0.56%,favor=0.61% adverse=0.89%,entry_ref_from_breakout_level,NO_MEANINGFUL_MOVE,Y,10,0.0000,entry still reachable within 10m,23,98,,,,N,no_meaningful_fast_move,BULLISH,not_evaluated,not_evaluated,not_evaluated,not_evaluated,not_evaluated,not_evaluated,not_evaluated
DUSKUSDT-LONG-1774330200000,DUSKUSDT-LONG-1774330200000,1774330633839,1774330200000,DUSKUSDT,LONG,80.61506022139824,0.8061506022139824,OI jump 2.34% + breakout pending + 15m up + 1h up,0.11488,0.11505,0.11544,0.11415,2.341930649159197,-0.13588,1.8312745915159507,long_breakout_retest,BULLISH,70239.8,2.16,-0.41496424018006245,-0.1711688529554267,6.169009592851924,0.9269504909604799,0.0,bullish,20.051583894955183,0.0,26.01718804703363,0.0,oi_jump;5m_breakout;15m_up;1h_up,INVALIDATED,acceptance_floor_lost 0.114840<0.115643,1,1774330923576,,,,,,,Y,,Y,,1774330923576,true_close,1.1838,3.5602,1.7584,3.5602,8.4436,3.5602,Y,Y,Y,Y,favor=1.18% adverse=3.56%,favor=1.76% adverse=3.56%,entry_ref_from_breakout_level,KILL_CORRECT,Y,10,0.0000,entry still reachable within 10m,118,23,,,,N,adverse_too_large,BULLISH,not_evaluated,not_evaluated,not_evaluated,not_evaluated,not_evaluated,not_evaluated,not_evaluated
FILUSDT-LONG-1774333500000,FILUSDT-LONG-1774333500000,1774333938366,1774333500000,FILUSDT,LONG,100.0,0.99,OI jump 4.54% + breakout pending + 15m flat + 1h up,0.936,0.941,0.941,0.926,4.543941576679238,0.01,7.579267050788906,long_breakout_retest,BULLISH,70412.4,2.838,-0.14153599169504655,0.23558853004145217,6.153887667513117,0.9244123540915354,0.0,bullish,33.26364946007543,0.0,40.0,0.0,oi_jump;5m_breakout;15m_flat;1h_up,INVALIDATED,acceptance_floor_lost 0.935000<0.942150,2,1774334562698,,,,,,,Y,,Y,,1774334562698,true_close,0.5342,2.1368,0.5342,2.1368,0.5342,2.4573,Y,Y,Y,Y,favor=0.53% adverse=2.14%,favor=0.53% adverse=2.14%,entry_ref_from_breakout_level,KILL_CORRECT,Y,10,0.0000,entry still reachable within 10m,2,57,,,,N,adverse_too_large,BULLISH,not_evaluated,not_evaluated,not_evaluated,not_evaluated,not_evaluated,not_evaluated,not_evaluated
ARIAUSDT-LONG-1774334100000,ARIAUSDT-LONG-1774334100000,1774334585981,1774334100000,ARIAUSDT,LONG,100.0,0.99,OI jump 3.47% + breakout pending + 15m flat + 1h flat,0.2685,0.27048,0.27379,0.26281,3.471312260355689,0.005,3.31175511130466,long_breakout_retest,BULLISH,70463.1,3.998,-0.06949161916890859,0.3037739716667343,6.149459788172824,0.9237459038844362,0.0,bullish,26.827873562134137,0.0,40.0,0.0,oi_jump;5m_breakout;15m_flat;1h_flat,INVALIDATED,acceptance_floor_lost 0.268000<0.272631,1,1774334722597,,,,,,,Y,,Y,,1774334722597,true_close,13.8175,0.0000,14.8976,0.0000,14.8976,0.0000,N,N,Y,Y,favor=13.82% adverse=0.00%,favor=14.90% adverse=0.00%,entry_ref_from_breakout_level,KILL_CORRECT,Y,10,0.0000,entry still reachable within 10m,80,5,,,,N,no_meaningful_fast_move,BULLISH,not_evaluated,not_evaluated,not_evaluated,not_evaluated,not_evaluated,not_evaluated,not_evaluated
BRUSDT-LONG-1774334400000,BRUSDT-LONG-1774334400000,1774334730427,1774334400000,BRUSDT,LONG,85.85349631911036,0.8585349631911037,OI jump 2.48% + breakout pending + 15m up + 1h up,0.15062,0.15442,0.15549,0.147,2.477861807339299,0.009798,1.8633457342955408,long_breakout_retest,BULLISH,70441.5,3.916,-0.09360095643159116,0.2731688151960925,6.151345442672296,0.9239688215529236,0.0,bullish,20.867170844035794,0.0,40.0,0.0,oi_jump;5m_breakout;15m_up;1h_up,INVALIDATED,retest invalidated,1,1774335041117,,,,,,,Y,,Y,,1774335041117,true_close,19.5060,0.1925,19.5060,2.5428,19.5060,18.2512,Y,Y,Y,Y,favor=19.51% adverse=0.19%,favor=19.51% adverse=2.54%,entry_ref_from_breakout_level,WAIT_TOO_SHORT_CANDIDATE,Y,10,0.0000,entry still reachable within 10m,9,69,,,,Y,valid_missed_continuation,BULLISH,not_evaluated,not_evaluated,not_evaluated,not_evaluated,not_evaluated,not_evaluated,not_evaluated
ARIAUSDT-LONG-1774334400000,ARIAUSDT-LONG-1774334400000,1774334745512,1774334400000,ARIAUSDT,LONG,83.26157873404763,0.8326157873404764,OI jump 3.47% + breakout pending + 15m up + 1h flat,0.27379,0.27444,0.27642,0.268,3.471312260355689,0.005,1.7291199379305873,long_breakout_retest,BULLISH,70431.5,3.901,-0.0999828398246542,0.26562428825216267,6.152218822543898,0.9240278471812028,0.0,bullish,26.827873562134137,0.0,25.348305343841403,0.0,oi_jump;5m_breakout;15m_up;1h_flat,INVALIDATED,acceptance_floor_lost 0.273450<0.278581,2,1774335359808,,,,,,,Y,,Y,,1774335359808,true_close,11.9836,0.0000,12.6776,0.0000,12.6776,0.0000,N,N,Y,Y,favor=11.98% adverse=0.00%,favor=12.68% adverse=0.00%,entry_ref_from_breakout_level,KILL_CORRECT,Y,10,0.0000,entry still reachable within 10m,69,19,,,,N,no_meaningful_fast_move,BULLISH,not_evaluated,not_evaluated,not_evaluated,not_evaluated,not_evaluated,not_evaluated,not_evaluated
BRUSDT-LONG-1774334700000,BRUSDT-LONG-1774334700000,1774335049176,1774334700000,BRUSDT,LONG,94.26800859168358,0.9426800859168358,OI jump 4.25% + breakout pending + 15m up + 1h up,0.15549,0.16351,0.16536,0.1503,4.253035015322242,0.014286,2.0212802941774144,long_breakout_retest,BULLISH,70427.1,3.92,-0.09289185827680639,0.2802862934450789,6.152603188261345,0.9239622636152691,0.0,bullish,31.51821009193345,0.0,40.0,0.0,oi_jump;5m_breakout;15m_up;1h_up,INVALIDATED,retest invalidated,6,1774336951214,,,,,,,Y,,Y,,1774336951214,true_close,7.1452,5.5952,11.2483,5.5952,11.2483,21.8406,Y,Y,Y,Y,favor=7.15% adverse=5.60%,favor=11.25% adverse=5.60%,entry_ref_from_breakout_level,KILL_CORRECT,Y,10,0.0000,entry still reachable within 10m,102,37,,,,N,no_meaningful_fast_move,BULLISH,not_evaluated,not_evaluated,not_evaluated,not_evaluated,not_evaluated,not_evaluated,not_evaluated
ARIAUSDT-LONG-1774335000000,ARIAUSDT-LONG-1774335000000,1774335540982,1774335000000,ARIAUSDT,LONG,77.62950699193,0.7762950699193,OI jump 3.48% + breakout pending + 15m up + 1h flat,0.28117,0.28178,0.28282,0.27345,3.482311039327435,0.005,1.2415952715229226,long_breakout_retest,BULLISH,70500.0,4.013,-0.017160175345799968,0.3564433107092342,6.146241134751781,0.9232624113475094,0.0,bullish,26.89386623596461,0.0,25.053295009588975,0.0,oi_jump;5m_breakout;15m_up;1h_flat,INVALIDATED,retest invalidated,3,1774336311660,,,,,,,Y,,Y,,1774336311660,true_close,9.7201,0.7220,9.7201,0.7220,9.7201,1.2839,Y,Y,Y,Y,favor=9.72% adverse=0.72%,favor=9.72% adverse=0.72%,entry_ref_from_breakout_level,WAIT_TOO_SHORT_CANDIDATE,Y,10,0.0000,entry still reachable within 10m,53,3,,,,Y,valid_missed_continuation,BULLISH,not_evaluated,not_evaluated,not_evaluated,not_evaluated,not_evaluated,not_evaluated,not_evaluated
WAXPUSDT-SHORT-EXH-1774334700000,WAXPUSDT-SHORT-EXH-1774334700000,1774335712308,1774334700000,WAXPUSDT,SHORT,61.86701951320162,0.6186701951320162,1h exhaustion 35/35 + 15m breakdown 27/30 -> retest fail pending,0.007311,0.007298,0.00735,0.007291,-0.8005670912972931,-0.0044870000000000005,3.3770115244885983,short_exhaustion_retest,BULLISH,70472.8,3.924,-0.07800079702632597,-0.04963989799710103,6.1486133657240885,0.923824568425317,0.0,bullish,0.0,35.0,26.86701951320162,0.0,1h_top_tests=6;1h_failed_breakout;1h_no_accept_above_resistance;1h_weakening_push;15m_clean_breakdown;15m_break_dist=0.18%,CONFIRMED,signal confirmed,1,1774336630491,UNDECIDED,,,,,,N,confirmed_without_confirmed_ts,N,confirmed_without_confirmed_ts,,not_due_yet,0.9438,0.0000,1.9286,0.0000,2.4620,0.0000,N,N,Y,Y,favor=0.94% adverse=0.00%,favor=1.93% adverse=0.00%,entry_ref_from_breakout_level,NO_MEANINGFUL_MOVE,Y,10,0.0000,entry still reachable within 10m,118,8,,,,N,no_meaningful_fast_move,BULLISH,not_evaluated,not_evaluated,not_evaluated,not_evaluated,not_evaluated,not_evaluated,not_evaluated
HBARUSDT-LONG-1774336200000,HBARUSDT-LONG-1774336200000,1774336654370,1774336200000,HBARUSDT,LONG,100.0,0.99,OI jump 2.06% + breakout pending + 15m flat + 1h flat,0.09318,0.09368,0.09369,0.09301,2.056492064231055,0.005699,10.882926372496616,long_breakout_retest,BULLISH,70892.5,4.455,0.5227471597073285,0.5456133931281321,5.898085128892341,1.2219123118140847,0.0,bullish,18.33895238538633,0.0,40.0,0.0,oi_jump;5m_breakout;15m_flat;1h_flat,EXPIRED_WAIT,retest wait expired,8,1774339008490,,,,,,,Y,,Y,,1774339008490,true_close,1.3093,0.0000,1.4166,0.0000,1.4166,0.0000,N,N,Y,Y,favor=1.31% adverse=0.00%,favor=1.42% adverse=0.00%,entry_ref_from_breakout_level,NO_MEANINGFUL_MOVE,Y,10,0.0000,entry still reachable within 10m,63,3,,,,N,no_meaningful_fast_move,BULLISH,not_evaluated,not_evaluated,not_evaluated,not_evaluated,not_evaluated,not_evaluated,not_evaluated
ARIAUSDT-LONG-1774336800000,ARIAUSDT-LONG-1774336800000,1774337130818,1774336800000,ARIAUSDT,LONG,77.23102847140434,0.7723102847140434,OI jump 3.32% + breakout pending + 15m flat + 1h up,0.29318,0.29464,0.29672,0.288,3.319621199794129,0.005,1.3254815773934414,long_breakout_retest,BULLISH,70877.4,4.659,0.5180671118857448,0.5241973228493745,5.848126483194926,1.3043650021022217,0.0,bullish,25.917727198764773,0.0,29.982721029776684,0.0,oi_jump;5m_breakout;15m_flat;1h_up,INVALIDATED,retest invalidated,1,1774337426974,,,,,,,Y,,Y,,1774337426974,true_close,5.2255,1.8453,5.2255,1.8453,5.2255,5.3278,Y,Y,Y,Y,favor=5.23% adverse=1.85%,favor=5.23% adverse=1.85%,entry_ref_from_breakout_level,WAIT_TOO_SHORT_CANDIDATE,Y,10,0.0000,entry still reachable within 10m,35,60,,,,Y,valid_missed_continuation,BULLISH,not_evaluated,not_evaluated,not_evaluated,not_evaluated,not_evaluated,not_evaluated,not_evaluated
ARIAUSDT-LONG-1774337700000,ARIAUSDT-LONG-1774337700000,1774338238620,1774337700000,ARIAUSDT,LONG,100.0,0.99,OI jump 7.20% + breakout pending + 15m flat + 1h up,0.29672,0.29982,0.30309,0.28784,7.195289262748536,0.005,2.5512683584692115,long_breakout_retest,BULLISH,70890.1,3.944,0.5360782050172949,0.5484499587279663,5.515297622658174,1.3041313244021377,0.0,bullish,35.0,0.0,40.0,0.0,oi_jump;5m_breakout;15m_flat;1h_up,INVALIDATED,retest invalidated,2,1774338692296,,,,,,,Y,,Y,,1774338692296,true_close,3.9701,3.0163,3.9701,5.6012,3.9701,6.4573,Y,Y,Y,Y,favor=3.97% adverse=3.02%,favor=3.97% adverse=5.60%,entry_ref_from_breakout_level,KILL_CORRECT,Y,10,0.0000,entry still reachable within 10m,13,113,,,,N,adverse_too_large,BULLISH,not_evaluated,not_evaluated,not_evaluated,not_evaluated,not_evaluated,not_evaluated,not_evaluated
HUMAUSDT-SHORT-EXH-1774338300000,HUMAUSDT-SHORT-EXH-1774338300000,1774339359051,1774338300000,HUMAUSDT,SHORT,52.57744286404079,0.5257744286404079,1h exhaustion 25/35 + 15m breakdown 28/30 -> retest fail pending,0.016865,0.016781,0.017085,0.016774,-2.22218649001707,0.005,1.656780854364072,short_exhaustion_retest,BULLISH,71151.2,4.051,-0.14076165669312965,-0.14890141351086134,5.495058410820905,0.2660393029854626,0.0,bullish,0.0,25.0,27.577442864040787,0.0,1h_top_tests=3;1h_failed_breakout;1h_no_accept_above_resistance;15m_clean_breakdown;15m_break_dist=0.50%,INVALIDATED,retest invalidated,3,1774342021853,,,,,,,Y,,Y,,1774342021853,true_close,0.0000,2.7335,0.0000,2.7335,0.0000,4.8740,Y,Y,Y,Y,favor=0.00% adverse=2.73%,favor=0.00% adverse=2.73%,entry_ref_from_breakout_level,KILL_CORRECT,Y,10,0.0000,entry still reachable within 10m,3,38,,,,N,adverse_too_large,BULLISH,not_evaluated,not_evaluated,not_evaluated,not_evaluated,not_evaluated,not_evaluated,not_evaluated
VIRTUALUSDT-LONG-1774339500000,VIRTUALUSDT-LONG-1774339500000,1774339990196,1774339500000,VIRTUALUSDT,LONG,100.0,0.99,OI jump 3.47% + breakout pending + 15m flat + 1h flat,0.7132,0.7209,0.7248,0.7116,3.4688475794826834,-0.007593999999999999,6.406855745235465,long_breakout_retest,BULLISH,71126.0,3.772,-0.17654851856426326,-0.18132010014707292,5.497005314512278,0.3717168990600353,0.0,bullish,26.8130854768961,0.0,40.0,0.0,oi_jump;5m_breakout;15m_flat;1h_flat,EXPIRED_WAIT,retest wait expired,8,1774342338230,,,,,,,Y,,Y,,1774342338230,true_close,1.1778,0.8413,1.1778,1.1918,1.1778,2.0892,Y,Y,Y,Y,favor=1.18% adverse=0.84%,favor=1.18% adverse=1.19%,entry_ref_from_breakout_level,NO_MEANINGFUL_MOVE,Y,10,0.0000,entry still reachable within 10m,13,98,,,,N,adverse_too_large,BULLISH,not_evaluated,not_evaluated,not_evaluated,not_evaluated,not_evaluated,not_evaluated,not_evaluated
SIRENUSDT-LONG-1774339800000,SIRENUSDT-LONG-1774339800000,1774340122108,1774339800000,SIRENUSDT,LONG,87.80580397139545,0.8780580397139545,OI jump 2.95% + breakout pending + 15m up + 1h up,1.03868,1.04162,1.04434,1.01602,2.9523918268414695,-0.061706,1.740730842607731,long_breakout_retest,BULLISH,71035.4,3.516,-0.33050219492752814,-0.28994375147356444,5.5040163073622494,0.43354167928055,0.0,bullish,23.714350961048815,0.0,31.027166341063047,0.0,oi_jump;5m_breakout;15m_up;1h_up,INVALIDATED,retest invalidated,1,1774340438741,,,,,,,Y,,Y,,1774340438741,true_close,0.0000,7.1860,4.0965,7.1860,4.0965,7.1860,Y,Y,Y,Y,favor=0.00% adverse=7.19%,favor=4.10% adverse=7.19%,entry_ref_from_breakout_level,KILL_CORRECT,Y,10,0.0000,entry still reachable within 10m,89,14,,,,N,adverse_too_large,BULLISH,not_evaluated,not_evaluated,not_evaluated,not_evaluated,not_evaluated,not_evaluated,not_evaluated
BRUSDT-LONG-1774342800000,BRUSDT-LONG-1774342800000,1774343294804,1774342800000,BRUSDT,LONG,100.0,0.99,OI jump 10.71% + breakout pending + 15m flat + 1h flat,0.1666,0.16903,0.16997,0.15544,10.714155781221688,0.023632,3.1901974670508992,long_breakout_retest,BULLISH,70979.0,4.035,-0.3874804926517521,0.06386236180777416,5.508389805435415,0.6909076051964714,0.0,bullish,35.0,0.0,40.0,0.0,oi_jump;5m_breakout;15m_flat;1h_flat,INVALIDATED,retest invalidated,1,1774343446451,,,,,,,Y,,Y,,1774343446451,true_close,3.0432,3.2113,3.0432,27.0528,3.0432,30.2821,Y,Y,Y,Y,favor=3.04% adverse=3.21%,favor=3.04% adverse=27.05%,entry_ref_from_breakout_level,KILL_CORRECT,Y,10,0.0000,entry still reachable within 10m,24,104,,,,N,adverse_too_large,BULLISH,not_evaluated,not_evaluated,not_evaluated,not_evaluated,not_evaluated,not_evaluated,not_evaluated
NAORISUSDT-LONG-1774342800000,NAORISUSDT-LONG-1774342800000,1774343302970,1774342800000,NAORISUSDT,LONG,73.59214121489934,0.7359214121489934,OI jump 2.15% + breakout pending + 15m up + 1h up,0.07152,0.07185,0.07212,0.06993,2.148018780775313,0.012980000000000002,1.349154485873106,long_breakout_retest,BULLISH,70972.1,4.025,-0.39744467772176223,0.05385302916239802,5.508925338266732,0.6909767232148012,0.0,bullish,18.888112684651876,0.0,31.958286910335232,0.0,oi_jump;5m_breakout;15m_up;1h_up,INVALIDATED,retest invalidated,1,1774343446569,,,,,,,Y,,Y,,1774343446569,true_close,1.3563,7.2847,1.3563,7.2847,1.3563,7.2847,Y,Y,Y,Y,favor=1.36% adverse=7.28%,favor=1.36% adverse=7.28%,entry_ref_from_breakout_level,KILL_CORRECT,Y,10,0.0000,entry still reachable within 10m,14,34,,,,N,adverse_too_large,BULLISH,not_evaluated,not_evaluated,not_evaluated,not_evaluated,not_evaluated,not_evaluated,not_evaluated
TRXUSDT-SHORT-EXH-1774342800000,TRXUSDT-SHORT-EXH-1774342800000,1774343780161,1774342800000,TRXUSDT,SHORT,53.36323867683504,0.5336323867683503,1h exhaustion 27/35 + 15m breakdown 26/30 -> retest fail pending,0.30909,0.30849,0.30983,0.308,0.018333055123351694,0.007277,3.611945216562832,short_exhaustion_retest,BULLISH,70851.9,3.805,-0.567116505181364,-0.11531879019593327,5.518271210793222,0.707963602541112,0.0,bullish,0.0,27.0,26.363238676835035,0.0,1h_top_tests=6;1h_failed_breakout;1h_no_accept_above_resistance;15m_clean_breakdown;15m_break_dist=0.19%,CONFIRMED,signal confirmed,1,1774344719849,UNDECIDED,,,,,,N,confirmed_without_confirmed_ts,N,confirmed_without_confirmed_ts,,not_due_yet,0.1650,0.1003,0.1650,0.8412,0.1650,0.9350,Y,Y,Y,Y,favor=0.17% adverse=0.10%,favor=0.17% adverse=0.84%,entry_ref_from_breakout_level,NO_MEANINGFUL_MOVE,Y,10,0.0000,entry still reachable within 10m,3,118,,,,N,no_meaningful_fast_move,BULLISH,not_evaluated,not_evaluated,not_evaluated,not_evaluated,not_evaluated,not_evaluated,not_evaluated
TONUSDT-SHORT-EXH-1774344600000,TONUSDT-SHORT-EXH-1774344600000,1774345555114,1774344600000,TONUSDT,SHORT,56.98246751334101,0.5698246751334101,1h exhaustion 27/35 + 15m breakdown 30/30 -> retest fail pending,1.3342,1.3225,1.3368,1.3219,-0.11944812451588256,0.005,2.1935714215583704,short_exhaustion_retest,BULLISH,71211.8,4.554,-0.060907835498313356,0.39191471484680085,5.1762488801013395,0.7043776452778975,0.0,bullish,0.0,27.0,29.98246751334101,0.0,1h_top_tests=4;1h_failed_breakout;1h_no_accept_above_resistance;15m_clean_breakdown;15m_break_dist=0.88%,EXPIRED_WAIT,retest wait expired,3,1774348235798,,,,,,,Y,,Y,,1774348235798,true_close,0.9294,0.0000,1.0868,0.0000,1.3866,0.0000,N,N,Y,Y,favor=0.93% adverse=0.00%,favor=1.09% adverse=0.00%,entry_ref_from_breakout_level,NO_MEANINGFUL_MOVE,Y,10,0.0000,entry still reachable within 10m,119,24,,,,N,no_meaningful_fast_move,BULLISH,not_evaluated,not_evaluated,not_evaluated,not_evaluated,not_evaluated,not_evaluated,not_evaluated
RIVERUSDT-LONG-1774347300000,RIVERUSDT-LONG-1774347300000,1774347763898,1774347300000,RIVERUSDT,LONG,89.37956535044741,0.8937956535044741,OI jump 4.94% + breakout pending + 15m flat + 1h flat,22.2,23.101,23.7,21.502,4.943640933696526,-0.627529,1.4287431302705558,long_breakout_retest,BULLISH,71215.0,4.09,-0.06076749486353685,-0.131297474347203,4.955135856210072,0.7401852780223612,0.0,bullish,35.0,0.0,40.0,0.0,oi_jump;5m_breakout;15m_flat;1h_flat,EXPIRED_WAIT,retest wait expired,8,1774350143274,,,,,,,Y,,Y,,1774350143274,true_close,19.9550,0.0000,19.9550,0.0000,19.9550,0.0000,N,N,Y,Y,favor=19.95% adverse=0.00%,favor=19.95% adverse=0.00%,entry_ref_from_breakout_level,WAIT_TOO_SHORT_CANDIDATE,Y,10,0.0000,entry still reachable within 10m,13,8,,,,Y,valid_missed_continuation,BULLISH,not_evaluated,not_evaluated,not_evaluated,not_evaluated,not_evaluated,not_evaluated,not_evaluated
DOGEUSDT-SHORT-EXH-1774347300000,DOGEUSDT-SHORT-EXH-1774347300000,1774348238441,1774347300000,DOGEUSDT,SHORT,51.437900035082535,0.5143790003508254,1h exhaustion 23/35 + 15m breakdown 28/30 -> retest fail pending,0.09437,0.09404,0.09453,0.09401,-2.0004261217409542,0.0062970000000000005,1.7118453974789798,short_exhaustion_retest,BULLISH,71062.7,3.848,-0.2745062816468009,-0.3167411293546686,4.965755593300006,0.7417716958722055,0.0,bullish,0.0,23.0,28.437900035082535,0.0,1h_top_tests=2;1h_failed_breakout;1h_no_accept_above_resistance;15m_clean_breakdown;15m_break_dist=0.35%,CONFIRMED,signal confirmed,3,1774350940715,UNDECIDED,,,,,,N,confirmed_without_confirmed_ts,N,confirmed_without_confirmed_ts,,not_due_yet,0.7100,0.0530,0.7100,0.1801,1.8756,0.2649,Y,Y,Y,Y,favor=0.71% adverse=0.05%,favor=0.71% adverse=0.18%,entry_ref_from_breakout_level,NO_MEANINGFUL_MOVE,Y,10,0.0000,entry still reachable within 10m,4,84,,,,N,no_meaningful_fast_move,BULLISH,not_evaluated,not_evaluated,not_evaluated,not_evaluated,not_evaluated,not_evaluated,not_evaluated
LYNUSDT-LONG-1774347900000,LYNUSDT-LONG-1774347900000,1774348257442,1774347900000,LYNUSDT,LONG,100.0,0.99,OI jump 3.00% + breakout pending + 15m flat + 1h flat,0.0702,0.0713,0.07173,0.06944,2.9950509024878667,0.005,4.639112773362596,long_breakout_retest,BULLISH,71062.5,3.848,-0.27043640323793505,-0.317021679513526,4.965769569041341,0.741741424802119,0.0,bullish,23.9703054149272,0.0,40.0,0.0,oi_jump;5m_breakout;15m_flat;1h_flat,INVALIDATED,retest invalidated,4,1774349505591,,,,,,,Y,,Y,,1774349505591,true_close,7.0655,0.0000,9.3162,0.0000,9.3162,3.7749,N,Y,Y,Y,favor=7.07% adverse=0.00%,favor=9.32% adverse=0.00%,entry_ref_from_breakout_level,KILL_CORRECT,Y,10,0.0000,entry still reachable within 10m,73,18,,,,N,no_meaningful_fast_move,BULLISH,not_evaluated,not_evaluated,not_evaluated,not_evaluated,not_evaluated,not_evaluated,not_evaluated
JCTUSDT-LONG-1774349100000,JCTUSDT-LONG-1774349100000,1774349515388,1774349100000,JCTUSDT,LONG,85.09747590995262,0.8509747590995262,OI jump 3.64% + breakout pending + 15m flat + 1h flat,0.003187,0.003228,0.003243,0.003145,3.6445123382360944,0.005,1.5027445838227198,long_breakout_retest,BULLISH,71177.0,3.964,-0.10960603577000874,-0.15640671356530156,4.7317251359287535,0.7405471703680058,0.0,bullish,27.867074029416568,0.0,40.0,0.0,oi_jump;5m_breakout;15m_flat;1h_flat,EXPIRED_WAIT,retest wait expired,8,1774351892333,,,,,,,Y,,Y,,1774351892333,true_close,18.0420,0.0000,18.0420,0.0000,18.0420,4.2360,N,Y,Y,Y,favor=18.04% adverse=0.00%,favor=18.04% adverse=0.00%,entry_ref_from_breakout_level,WAIT_TOO_SHORT_CANDIDATE,Y,10,0.0000,entry still reachable within 10m,48,28,,,,Y,valid_missed_continuation,BULLISH,not_evaluated,not_evaluated,not_evaluated,not_evaluated,not_evaluated,not_evaluated,not_evaluated
ONTUSDT-LONG-1774350000000,ONTUSDT-LONG-1774350000000,1774350339096,1774350000000,ONTUSDT,LONG,100.0,0.99,OI jump 10.53% + breakout pending + 15m flat + 1h flat,0.0518,0.0528,0.053,0.0513,10.532300026451399,-2.0,1.907721712708353,long_breakout_retest,BULLISH,71013.4,3.615,-0.346360686658662,-0.32146035649813165,4.5825154125841,0.7423065440145192,0.0,bullish,35.0,0.0,40.0,0.0,oi_jump;5m_breakout;15m_flat;1h_flat,EXPIRED_WAIT,retest wait expired,8,1774352845684,,,,,,,Y,,Y,,1774352845684,true_close,28.5714,0.0000,28.5714,0.0000,28.5714,0.0000,N,N,Y,Y,favor=28.57% adverse=0.00%,favor=28.57% adverse=0.00%,entry_ref_from_breakout_level,WAIT_TOO_SHORT_CANDIDATE,Y,10,0.0000,entry still reachable within 10m,23,8,,,,Y,valid_missed_continuation,BULLISH,not_evaluated,not_evaluated,not_evaluated,not_evaluated,not_evaluated,not_evaluated,not_evaluated
NEARUSDT-SHORT-EXH-1774350000000,NEARUSDT-SHORT-EXH-1774350000000,1774350956244,1774350000000,NEARUSDT,SHORT,52.5878278393499,0.525878278393499,1h exhaustion 25/35 + 15m breakdown 28/30 -> retest fail pending,1.31,1.306,1.313,1.304,-0.0870177903246307,0.01,1.6143023065270687,short_exhaustion_retest,RANGE,71013.9,0.115,-0.3386419517452802,-0.31373969291411535,3.021661956321232,0.7422490526502641,0.0,neutral,0.0,25.0,27.587827839349902,0.0,1h_top_tests=3;1h_failed_breakout;1h_no_accept_above_resistance;15m_clean_breakdown;15m_break_dist=0.31%,EXPIRED_WAIT,retest wait expired,3,1774353639263,,,,,,,Y,,Y,,1774353639263,true_close,1.2977,0.0000,1.5267,0.0000,2.2901,0.0000,N,N,Y,Y,favor=1.30% adverse=0.00%,favor=1.53% adverse=0.00%,entry_ref_from_breakout_level,NO_MEANINGFUL_MOVE,Y,10,0.0000,entry still reachable within 10m,109,84,,,,N,no_meaningful_fast_move,RANGE,not_evaluated,not_evaluated,not_evaluated,not_evaluated,not_evaluated,not_evaluated,not_evaluated
DUSKUSDT-LONG-1774351500000,DUSKUSDT-LONG-1774351500000,1774351907272,1774351500000,DUSKUSDT,LONG,100.0,0.99,OI jump 2.05% + breakout pending + 15m up + 1h up,0.1264,0.12862,0.12955,0.12578,2.0527411666493722,-0.06103499999999999,3.8859004621613664,long_breakout_retest,RANGE,71017.1,0.193,-0.3341510514320236,-0.30924767046521684,3.0215258015323108,0.7422156072269999,0.0,neutral,18.316446999896232,0.0,40.0,0.0,oi_jump;5m_breakout;15m_up;1h_up,INVALIDATED,retest invalidated,4,1774353163121,,,,,,,Y,,Y,,1774353163121,true_close,0.8307,3.0063,0.8307,3.3782,0.8307,6.1234,Y,Y,Y,Y,favor=0.83% adverse=3.01%,favor=0.83% adverse=3.38%,entry_ref_from_breakout_level,KILL_CORRECT,Y,10,0.0000,entry still reachable within 10m,37,92,,,,N,adverse_too_large,RANGE,not_evaluated,not_evaluated,not_evaluated,not_evaluated,not_evaluated,not_evaluated,not_evaluated
RENDERUSDT-SHORT-EXH-1774350900000,RENDERUSDT-SHORT-EXH-1774350900000,1774351917036,1774350900000,RENDERUSDT,SHORT,51.63576084473648,0.5163576084473648,1h exhaustion 25/35 + 15m breakdown 27/30 -> retest fail pending,1.735,1.729,1.742,1.721,-1.3199710571513117,0.00040500000000000003,1.7696202462446389,short_exhaustion_retest,RANGE,71020.5,0.198,-0.31745051589216944,-0.3044748966132877,3.0213811505128843,0.7420912585000575,0.0,neutral,0.0,25.0,26.63576084473648,0.0,1h_top_tests=3;1h_failed_breakout;1h_no_accept_above_resistance;15m_clean_breakdown;15m_break_dist=0.35%,INVALIDATED,retest invalidated,2,1774353639384,,,,,,,Y,,Y,,1774353639384,true_close,0.2882,0.9798,1.6715,0.9798,2.1902,0.9798,Y,Y,Y,Y,favor=0.29% adverse=0.98%,favor=1.67% adverse=0.98%,entry_ref_from_breakout_level,KILL_CORRECT,Y,10,0.0000,entry still reachable within 10m,109,14,,,,N,no_meaningful_fast_move,RANGE,not_evaluated,not_evaluated,not_evaluated,not_evaluated,not_evaluated,not_evaluated,not_evaluated
ONTUSDT-LONG-1774352700000,ONTUSDT-LONG-1774352700000,1774353019541,1774352700000,ONTUSDT,LONG,89.22875711315892,0.8922875711315892,OI jump 4.26% + breakout pending + 15m flat + 1h flat,0.0568,0.0576,0.0584,0.0554,4.259326364378788,-2.0,1.6436399463443099,long_breakout_retest,BULLISH,71227.3,1.174,-0.03915503710605567,-0.01417794585427215,3.012608929441384,0.7400252431301001,0.0,bullish,31.55595818627273,0.0,40.0,0.0,oi_jump;5m_breakout;15m_flat;1h_flat,INVALIDATED,acceptance_floor_lost 0.056700<0.058075,2,1774353639497,,,,,,,Y,,Y,,1774353639497,true_close,17.2535,0.0000,17.2535,0.0000,17.2535,0.0000,N,N,Y,Y,favor=17.25% adverse=0.00%,favor=17.25% adverse=0.00%,entry_ref_from_breakout_level,WAIT_TOO_SHORT_CANDIDATE,Y,10,0.0000,entry still reachable within 10m,9,64,,,,Y,valid_missed_continuation,BULLISH,not_evaluated,not_evaluated,not_evaluated,not_evaluated,not_evaluated,not_evaluated,not_evaluated
LYNUSDT-LONG-1774353000000,LYNUSDT-LONG-1774353000000,1774353497117,1774353000000,LYNUSDT,LONG,94.17945092913801,0.9417945092913801,OI jump 3.02% + breakout pending + 15m flat + 1h up,0.07386,0.07448,0.07516,0.0725,3.017577261599972,0.013876000000000001,2.301617022112247,long_breakout_retest,BULLISH,71093.5,1.419,-0.22398365312284754,-0.18768231294235485,3.018278745595593,0.7413960920225805,0.0,bullish,24.105463569599834,0.0,40.0,0.0,oi_jump;5m_breakout;15m_flat;1h_up,INVALIDATED,retest invalidated,3,1774354273118,,,,,,,Y,,Y,,1774354273118,true_close,2.1663,2.2204,2.1663,8.5432,2.1663,8.5432,Y,Y,Y,Y,favor=2.17% adverse=2.22%,favor=2.17% adverse=8.54%,entry_ref_from_breakout_level,KILL_CORRECT,Y,10,0.0000,entry still reachable within 10m,24,114,,,,N,adverse_too_large,BULLISH,not_evaluated,not_evaluated,not_evaluated,not_evaluated,not_evaluated,not_evaluated,not_evaluated
PAXGUSDT-SHORT-EXH-1774355400000,PAXGUSDT-SHORT-EXH-1774355400000,1774356341531,1774355400000,PAXGUSDT,SHORT,57.1064863362987,0.571064863362987,1h exhaustion 33/35 + 15m breakdown 24/30 -> retest fail pending,4384.59,4377.83,4412.5,4371.64,-0.1608964234311927,0.0030719999999999996,1.4466684116410624,short_exhaustion_retest,RANGE,70869.9,0.268,-0.3466148455208644,-0.34647423097906277,2.420068322376645,0.45407147463168834,0.0,neutral,0.0,33.0,24.1064863362987,0.0,1h_top_tests=4;1h_failed_breakout;1h_no_accept_above_resistance;1h_weakening_push;15m_clean_breakdown;15m_break_dist=0.15%,INVALIDATED,retest invalidated,1,1774357294439,,,,,,,Y,,Y,,1774357294439,true_close,0.5887,0.4035,0.5887,1.2067,0.5887,1.2318,Y,Y,Y,Y,favor=0.59% adverse=0.40%,favor=0.59% adverse=1.21%,entry_ref_from_breakout_level,KILL_CORRECT,Y,10,0.0000,entry still reachable within 10m,38,108,,,,N,adverse_too_large,RANGE,not_evaluated,not_evaluated,not_evaluated,not_evaluated,not_evaluated,not_evaluated,not_evaluated
OPNUSDT-SHORT-EXH-1774357200000,OPNUSDT-SHORT-EXH-1774357200000,1774358147431,1774357200000,OPNUSDT,SHORT,52.07299452660434,0.5207299452660434,1h exhaustion 25/35 + 15m breakdown 27/30 -> retest fail pending,0.226,0.2242,0.2277,0.2235,-0.6808818524656214,0.000194,1.5807329137231814,short_exhaustion_retest,RANGE,70774.7,0.087,-0.48385463831126335,-0.21078782478244443,2.42332358879657,0.7543911954253205,0.0,neutral,0.0,25.0,27.07299452660434,0.0,1h_top_tests=3;1h_failed_breakout;1h_no_accept_above_resistance;15m_clean_breakdown;15m_break_dist=0.80%,CONFIRMED,signal confirmed,2,1774360029817,UNDECIDED,,,,,,N,confirmed_without_confirmed_ts,N,confirmed_without_confirmed_ts,,not_due_yet,1.1504,0.3097,1.1504,0.3540,6.5929,0.3540,Y,Y,Y,Y,favor=1.15% adverse=0.31%,favor=1.15% adverse=0.35%,entry_ref_from_breakout_level,WAIT_TOO_SHORT_CANDIDATE,Y,10,0.0000,entry still reachable within 10m,13,93,,,,Y,valid_missed_continuation,RANGE,not_evaluated,not_evaluated,not_evaluated,not_evaluated,not_evaluated,not_evaluated,not_evaluated
SOLUSDT-SHORT-EXH-1774359000000,SOLUSDT-SHORT-EXH-1774359000000,1774360031860,1774359000000,SOLUSDT,SHORT,60.5452793834297,0.6054527938342971,1h exhaustion 33/35 + 15m breakdown 28/30 -> retest fail pending,90.88,90.13,91.27,89.54,-3.6718309513045435,-0.000897,9.042527695488968,short_exhaustion_retest,BEARISH,70361.6,-1.08,-1.0802009100573104,-0.812414345415678,2.4375511642714285,1.3526998558598597,0.0,bearish,0.0,33.0,27.5452793834297,0.0,1h_top_tests=4;1h_failed_breakout;1h_no_accept_above_resistance;1h_weakening_push;15m_clean_breakdown;15m_break_dist=0.83%,EXPIRED_WAIT,retest wait expired,3,1774362627352,,,,,,,Y,,Y,,1774362627352,true_close,2.4868,0.0000,2.4868,0.0000,2.4868,0.0000,N,N,Y,Y,favor=2.49% adverse=0.00%,favor=2.49% adverse=0.00%,entry_ref_from_breakout_level,WAIT_TOO_SHORT_CANDIDATE,Y,10,0.0000,entry still reachable within 10m,20,55,,,,Y,valid_missed_continuation,BEARISH,not_evaluated,not_evaluated,not_evaluated,not_evaluated,not_evaluated,not_evaluated,not_evaluated
SUIUSDT-SHORT-EXH-1774359000000,SUIUSDT-SHORT-EXH-1774359000000,1774360042851,1774359000000,SUIUSDT,SHORT,52.17241379310343,0.5217241379310343,1h exhaustion 23/35 + 15m breakdown 29/30 -> retest fail pending,0.9441,0.9399,0.9506,0.939,-1.2585852473461778,-0.0063479999999999995,3.2029608819491804,short_exhaustion_retest,BEARISH,70342.9,-1.106,-1.0882159389395332,-0.8048006045874035,2.4381991643790717,1.3528094679603453,0.0,bearish,0.0,23.0,29.172413793103427,0.0,1h_top_tests=2;1h_failed_breakout;1h_no_accept_above_resistance;15m_clean_breakdown;15m_break_dist=0.44%,CONFIRMED,signal confirmed,1,1774360844946,UNDECIDED,,,,,,N,confirmed_without_confirmed_ts,N,confirmed_without_confirmed_ts,,not_due_yet,1.4405,0.0636,1.4405,0.2012,1.6841,0.2012,Y,Y,Y,Y,favor=1.44% adverse=0.06%,favor=1.44% adverse=0.20%,entry_ref_from_breakout_level,WAIT_TOO_SHORT_CANDIDATE,Y,10,0.0000,entry still reachable within 10m,49,84,,,,Y,valid_missed_continuation,BEARISH,not_evaluated,not_evaluated,not_evaluated,not_evaluated,not_evaluated,not_evaluated,not_evaluated
AVAXUSDT-SHORT-EXH-1774359000000,AVAXUSDT-SHORT-EXH-1774359000000,1774360044151,1774359000000,AVAXUSDT,SHORT,62.68888888888881,0.6268888888888882,1h exhaustion 33/35 + 15m breakdown 30/30 -> retest fail pending,9.508,9.467,9.541,9.466,-0.8234579212628369,0.003214,3.424101579935098,short_exhaustion_retest,BEARISH,70357.5,-1.086,-1.0726077248004517,-0.8138242974209118,2.4376932096791473,1.3525960292010724,0.0,bearish,0.0,33.0,29.688888888888812,0.0,1h_top_tests=4;1h_failed_breakout;1h_no_accept_above_resistance;1h_weakening_push;15m_clean_breakdown;15m_break_dist=0.43%,CONFIRMED,signal confirmed,1,1774360845295,UNDECIDED,,,,,,N,confirmed_without_confirmed_ts,N,confirmed_without_confirmed_ts,,not_due_yet,1.2831,0.0000,1.2831,0.0000,1.6618,0.0000,N,N,Y,Y,favor=1.28% adverse=0.00%,favor=1.28% adverse=0.00%,entry_ref_from_breakout_level,WAIT_TOO_SHORT_CANDIDATE,Y,10,0.0000,entry still reachable within 10m,49,4,,,,Y,valid_missed_continuation,BEARISH,not_evaluated,not_evaluated,not_evaluated,not_evaluated,not_evaluated,not_evaluated,not_evaluated
AAVEUSDT-SHORT-EXH-1774359000000,AAVEUSDT-SHORT-EXH-1774359000000,1774360056544,1774359000000,AAVEUSDT,SHORT,52.931275664056,0.52931275664056,1h exhaustion 27/35 + 15m breakdown 26/30 -> retest fail pending,109.66,109.47,110.42,109.39,-0.4966423697427773,0.008319,3.287028465725575,short_exhaustion_retest,BEARISH,70368.2,-1.071,-1.050953085364268,-0.7957769117539157,2.4373225405794177,1.3523000184740521,0.0,bearish,0.0,27.0,25.931275664056006,0.0,1h_top_tests=6;1h_failed_breakout;1h_no_accept_above_resistance;15m_clean_breakdown;15m_break_dist=0.17%,CONFIRMED,signal confirmed,1,1774360845645,UNDECIDED,,,,,,N,confirmed_without_confirmed_ts,N,confirmed_without_confirmed_ts,,not_due_yet,1.5958,0.0000,1.5958,0.3192,1.6323,0.3192,Y,Y,Y,Y,favor=1.60% adverse=0.00%,favor=1.60% adverse=0.32%,entry_ref_from_breakout_level,WAIT_TOO_SHORT_CANDIDATE,Y,10,0.0000,entry still reachable within 10m,49,94,,,,Y,valid_missed_continuation,BEARISH,not_evaluated,not_evaluated,not_evaluated,not_evaluated,not_evaluated,not_evaluated,not_evaluated
PUMPUSDT-SHORT-EXH-1774359000000,PUMPUSDT-SHORT-EXH-1774359000000,1774360058343,1774359000000,PUMPUSDT,SHORT,55.18939126421529,0.5518939126421529,1h exhaustion 27/35 + 15m breakdown 28/30 -> retest fail pending,0.001779,0.001774,0.001796,0.001774,-0.8846084854985297,0.00434,1.8750271247785122,short_exhaustion_retest,BEARISH,70368.2,-1.071,-1.050953085364268,-0.7785754972900681,2.4373225405794177,1.3523000184740521,0.0,bearish,0.0,27.0,28.18939126421529,0.0,1h_top_tests=3;1h_failed_breakout;1h_no_accept_above_resistance;15m_clean_breakdown;15m_break_dist=0.28%,INVALIDATED,retest invalidated,1,1774360845748,,,,,,,Y,,Y,,1774360845748,true_close,1.5177,0.6183,1.5177,1.0118,1.5177,1.0118,Y,Y,Y,Y,favor=1.52% adverse=0.62%,favor=1.52% adverse=1.01%,entry_ref_from_breakout_level,WAIT_TOO_SHORT_CANDIDATE,Y,10,0.0000,entry still reachable within 10m,44,79,,,,Y,valid_missed_continuation,BEARISH,not_evaluated,not_evaluated,not_evaluated,not_evaluated,not_evaluated,not_evaluated,not_evaluated
UNIUSDT-SHORT-EXH-1774359000000,UNIUSDT-SHORT-EXH-1774359000000,1774360059685,1774359000000,UNIUSDT,SHORT,52.14720433118636,0.5214720433118636,1h exhaustion 25/35 + 15m breakdown 27/30 -> retest fail pending,3.571,3.563,3.588,3.558,-0.557072770408414,0.001146,2.865500086492813,short_exhaustion_retest,BEARISH,70378.4,-1.057,-1.055593365243456,-0.7830873437068122,2.4369692973980737,1.352363438436633,0.0,bearish,0.0,25.0,27.147204331186355,0.0,1h_top_tests=6;1h_failed_breakout;1h_no_accept_above_resistance;15m_clean_breakdown;15m_break_dist=0.22%,CONFIRMED,signal confirmed,1,1774360846233,UNDECIDED,,,,,,N,confirmed_without_confirmed_ts,N,confirmed_without_confirmed_ts,,not_due_yet,0.9801,0.3360,0.9801,0.3920,1.2882,0.3920,Y,Y,Y,Y,favor=0.98% adverse=0.34%,favor=0.98% adverse=0.39%,entry_ref_from_breakout_level,NO_MEANINGFUL_MOVE,Y,10,0.0000,entry still reachable within 10m,49,94,,,,N,no_meaningful_fast_move,BEARISH,not_evaluated,not_evaluated,not_evaluated,not_evaluated,not_evaluated,not_evaluated,not_evaluated
RENDERUSDT-SHORT-EXH-1774359000000,RENDERUSDT-SHORT-EXH-1774359000000,1774360060970,1774359000000,RENDERUSDT,SHORT,60.61789440212611,0.6061789440212612,1h exhaustion 33/35 + 15m breakdown 28/30 -> retest fail pending,1.721,1.715,1.735,1.715,-0.6699358715840695,-0.0007849999999999999,1.6932279474462548,short_exhaustion_retest,BEARISH,70378.4,-1.057,-1.1014337058681096,-0.8262318750669727,2.4369692973980737,1.3529902705838441,0.0,bearish,0.0,33.0,27.61789440212611,0.0,1h_top_tests=3;1h_failed_breakout;1h_no_accept_above_resistance;1h_weakening_push;15m_clean_breakdown;15m_break_dist=0.35%,CONFIRMED,signal confirmed,1,1774360846590,UNDECIDED,,,,,,N,confirmed_without_confirmed_ts,N,confirmed_without_confirmed_ts,,not_due_yet,1.3945,0.4648,1.3945,0.4648,2.4404,0.4648,Y,Y,Y,Y,favor=1.39% adverse=0.46%,favor=1.39% adverse=0.46%,entry_ref_from_breakout_level,WAIT_TOO_SHORT_CANDIDATE,Y,10,0.0000,entry still reachable within 10m,44,59,,,,Y,valid_missed_continuation,BEARISH,not_evaluated,not_evaluated,not_evaluated,not_evaluated,not_evaluated,not_evaluated,not_evaluated
XPLUSDT-SHORT-EXH-1774359000000,XPLUSDT-SHORT-EXH-1774359000000,1774360067064,1774359000000,XPLUSDT,SHORT,62.07692307692304,0.6207692307692304,1h exhaustion 35/35 + 15m breakdown 27/30 -> retest fail pending,0.0956,0.0952,0.0963,0.095,-0.8003895049547263,0.005,2.4064198046042042,short_exhaustion_retest,BEARISH,70356.0,-1.088,-1.0543278343673028,-0.7949309405507673,2.437745181647629,1.3523461414932734,0.0,bearish,0.0,35.0,27.076923076923034,0.0,1h_top_tests=4;1h_failed_breakout;1h_no_accept_above_resistance;1h_weakening_push;15m_clean_breakdown;15m_break_dist=0.42%,CONFIRMED,signal confirmed,1,1774360846940,UNDECIDED,,,,,,N,confirmed_without_confirmed_ts,N,confirmed_without_confirmed_ts,,not_due_yet,1.7782,0.0000,1.7782,0.7322,2.3013,0.7322,Y,Y,Y,Y,favor=1.78% adverse=0.00%,favor=1.78% adverse=0.73%,entry_ref_from_breakout_level,WAIT_TOO_SHORT_CANDIDATE,Y,10,0.0000,entry still reachable within 10m,44,84,,,,Y,valid_missed_continuation,BEARISH,not_evaluated,not_evaluated,not_evaluated,not_evaluated,not_evaluated,not_evaluated,not_evaluated
AAVEUSDT-SHORT-EXH-1774360800000,AAVEUSDT-SHORT-EXH-1774360800000,1774361839467,1774360800000,AAVEUSDT,SHORT,54.227513227513214,0.5422751322751321,1h exhaustion 27/35 + 15m breakdown 27/30 -> retest fail pending,108.85,108.5,109.53,108.27,-1.0023284491208855,0.0067020000000000005,3.2092990268159007,short_exhaustion_retest,BEARISH,69884.5,-2.394,-1.679500087181008,-0.27759144818530834,2.8328170052014356,2.0394153485312208,0.0,bearish,0.0,27.0,27.22751322751321,0.0,1h_top_tests=6;1h_failed_breakout;1h_no_accept_above_resistance;15m_clean_breakdown;15m_break_dist=0.32%,CONFIRMED,signal confirmed,1,1774362627718,UNDECIDED,,,,,,N,confirmed_without_confirmed_ts,N,confirmed_without_confirmed_ts,,not_due_yet,0.8636,0.9830,0.8636,1.0657,0.9003,1.0657,Y,Y,Y,Y,favor=0.86% adverse=0.98%,favor=0.86% adverse=1.07%,entry_ref_from_breakout_level,NO_MEANINGFUL_MOVE,N,10,,entry not reached within 10m,20,65,,,,N,entry_not_feasible,BEARISH,not_evaluated,not_evaluated,not_evaluated,not_evaluated,not_evaluated,not_evaluated,not_evaluated
ARIAUSDT-LONG-1774361700000,ARIAUSDT-LONG-1774361700000,1774362159158,1774361700000,ARIAUSDT,LONG,100.0,0.99,OI jump 7.56% + breakout pending + 15m flat + 1h flat,0.30499,0.32101,0.32499,0.30103,7.563795073844652,0.005,5.714053660639178,long_breakout_retest,BEARISH,69907.2,-2.112,-1.7326523839789376,-0.23134999357758407,2.742922045225671,2.0405184576771287,0.0,bearish,35.0,0.0,40.0,0.0,oi_jump;5m_breakout;15m_flat;1h_flat,INVALIDATED,stale_breakout runup 6.41%,6,1774363918930,,,,,,,Y,,Y,,1774363918930,true_close,3.3477,0.8590,3.3477,1.1148,3.3477,7.5084,Y,Y,Y,Y,favor=3.35% adverse=0.86%,favor=3.35% adverse=1.11%,entry_ref_from_breakout_level,WAIT_TOO_SHORT_CANDIDATE,Y,10,0.0000,entry still reachable within 10m,8,83,,,,Y,valid_missed_continuation,BEARISH,not_evaluated,not_evaluated,not_evaluated,not_evaluated,not_evaluated,not_evaluated,not_evaluated
WLFIUSDT-SHORT-EXH-1774369800000,WLFIUSDT-SHORT-EXH-1774369800000,1774370838132,1774369800000,WLFIUSDT,SHORT,54.859649122807014,0.5485964912280701,1h exhaustion 27/35 + 15m breakdown 28/30 -> retest fail pending,0.1039,0.1019,0.1052,0.0995,-0.12344391448972966,0.005,14.374904875692096,short_exhaustion_retest,BEARISH,69473.6,-1.628,-0.5352409944771991,-0.5144785695978003,3.0174051726123343,1.004550565113682,0.0,bearish,0.0,27.0,27.859649122807017,0.0,1h_top_tests=6;1h_failed_breakout;1h_no_accept_above_resistance;15m_clean_breakdown;15m_break_dist=1.92%,EXPIRED_WAIT,retest wait expired,3,1774373553247,,,,,,,Y,,Y,,1774373553247,true_close,3.5611,0.0000,3.9461,0.0000,3.9461,0.0000,N,N,Y,Y,favor=3.56% adverse=0.00%,favor=3.95% adverse=0.00%,entry_ref_from_breakout_level,NO_MEANINGFUL_MOVE,Y,10,0.0000,entry still reachable within 10m,77,117,,,,N,no_meaningful_fast_move,BEARISH,not_evaluated,not_evaluated,not_evaluated,not_evaluated,not_evaluated,not_evaluated,not_evaluated
TAOUSDT-LONG-1774371000000,TAOUSDT-LONG-1774371000000,1774371466128,1774371000000,TAOUSDT,LONG,81.80130087057714,0.8180130087057713,OI jump 2.72% + breakout pending + 15m flat + 1h flat,317.96,318.41,319.6,315.24,2.7205175686202216,0.001039,1.7581254243189361,long_breakout_retest,BEARISH,69394.3,-1.641,-0.6350438230354093,-0.6321800402934232,3.020853297749243,1.0055595424401507,0.0,bearish,22.32310541172133,0.0,25.61183912653506,0.0,oi_jump;5m_breakout;15m_flat;1h_flat,INVALIDATED,retest invalidated,1,1774371626921,,,,,,,Y,,Y,,1774371626921,true_close,0.4277,1.8744,3.1545,1.8744,6.6109,1.8744,Y,Y,Y,Y,favor=0.43% adverse=1.87%,favor=3.15% adverse=1.87%,entry_ref_from_breakout_level,KILL_CORRECT,Y,10,0.0000,entry still reachable within 10m,100,45,,,,N,no_meaningful_fast_move,BEARISH,not_evaluated,not_evaluated,not_evaluated,not_evaluated,not_evaluated,not_evaluated,not_evaluated
CUSDT-LONG-1774373100000,CUSDT-LONG-1774373100000,1774373427191,1774373100000,CUSDT,LONG,98.92557553561757,0.9892557553561757,OI jump 2.15% + breakout pending + 15m up + 1h flat,0.06438,0.06691,0.06725,0.06336,2.1529419992851127,-1.278572,2.4428126294375074,long_breakout_retest,BEARISH,69158.3,-1.908,-0.9928734766465594,-0.43543182482509823,3.330764347880153,1.3088569845959825,0.0,bearish,18.917651995710678,0.0,40.0,0.0,oi_jump;5m_breakout;15m_up;1h_flat,INVALIDATED,retest invalidated,4,1774374673090,,,,,,,Y,,Y,,1774374673090,true_close,5.4986,2.5008,7.9372,2.5008,7.9372,3.5259,Y,Y,Y,Y,favor=5.50% adverse=2.50%,favor=7.94% adverse=2.50%,entry_ref_from_breakout_level,KILL_CORRECT,Y,10,0.0000,entry still reachable within 10m,74,9,,,,N,no_meaningful_fast_move,BEARISH,not_evaluated,not_evaluated,not_evaluated,not_evaluated,not_evaluated,not_evaluated,not_evaluated
PAXGUSDT-SHORT-EXH-1774373400000,PAXGUSDT-SHORT-EXH-1774373400000,1774374353928,1774373400000,PAXGUSDT,SHORT,54.701139027264986,0.5470113902726499,1h exhaustion 27/35 + 15m breakdown 28/30 -> retest fail pending,4393.61,4382.52,4405.83,4380.24,-0.45873306671345454,0.005,1.7060627885908237,short_exhaustion_retest,BEARISH,68921.1,-2.727,-1.3174832504506753,-0.7255757160362583,3.6171796445500717,1.5881284316342992,0.0,bearish,0.0,27.0,27.70113902726499,0.0,1h_top_tests=8;1h_failed_breakout;1h_no_accept_above_resistance;15m_clean_breakdown;15m_break_dist=0.25%,INVALIDATED,retest invalidated,1,1774375311408,,,,,,,Y,,Y,,1774375311408,true_close,0.0621,0.8508,0.0621,0.8508,0.0621,2.5323,Y,Y,Y,Y,favor=0.06% adverse=0.85%,favor=0.06% adverse=0.85%,entry_ref_from_breakout_level,KILL_CORRECT,Y,10,0.0000,entry still reachable within 10m,53,28,,,,N,no_meaningful_fast_move,BEARISH,not_evaluated,not_evaluated,not_evaluated,not_evaluated,not_evaluated,not_evaluated,not_evaluated
NEARUSDT-SHORT-EXH-1774373400000,NEARUSDT-SHORT-EXH-1774373400000,1774374367781,1774373400000,NEARUSDT,SHORT,48.77298420629723,0.4877298420629723,1h exhaustion 25/35 + 15m breakdown 24/30 -> retest fail pending,1.28,1.277,1.284,1.276,-0.3112812074783153,0.009012,1.375788653420031,short_exhaustion_retest,BEARISH,68940.6,-2.707,-1.3054553629343424,-0.7519262530544262,3.6161565173497183,1.5879348866900733,0.0,bearish,0.0,25.0,23.77298420629723,0.0,1h_top_tests=3;1h_failed_breakout;1h_no_accept_above_resistance;15m_clean_breakdown;15m_break_dist=0.23%,INVALIDATED,retest invalidated,3,1774377070569,,,,,,,Y,,Y,,1774377070569,true_close,0.0000,1.1719,0.0000,1.7969,0.0000,1.7969,Y,Y,Y,Y,favor=0.00% adverse=1.17%,favor=0.00% adverse=1.80%,entry_ref_from_breakout_level,KILL_CORRECT,Y,10,0.0000,entry still reachable within 10m,4,109,,,,N,adverse_too_large,BEARISH,not_evaluated,not_evaluated,not_evaluated,not_evaluated,not_evaluated,not_evaluated,not_evaluated
ARBUSDT-SHORT-EXH-1774373400000,ARBUSDT-SHORT-EXH-1774373400000,1774374372811,1774373400000,ARBUSDT,SHORT,55.10256410256409,0.5510256410256409,1h exhaustion 27/35 + 15m breakdown 28/30 -> retest fail pending,0.0954,0.0949,0.0959,0.0946,-0.01932807654173256,0.01,3.212993254354206,short_exhaustion_retest,BEARISH,68946.5,-2.699,-1.3054553629343424,-0.7520702450599984,3.6158470698295053,1.5879348866900733,0.0,bearish,0.0,27.0,28.10256410256409,0.0,1h_top_tests=4;1h_failed_breakout;1h_no_accept_above_resistance;15m_clean_breakdown;15m_break_dist=0.52%,INVALIDATED,retest invalidated,2,1774376114272,,,,,,,Y,,Y,,1774376114272,true_close,0.1048,1.4675,0.1048,1.4675,0.1048,3.2495,Y,Y,Y,Y,favor=0.10% adverse=1.47%,favor=0.10% adverse=1.47%,entry_ref_from_breakout_level,KILL_CORRECT,Y,10,0.0000,entry still reachable within 10m,10,60,,,,N,adverse_too_large,BEARISH,not_evaluated,not_evaluated,not_evaluated,not_evaluated,not_evaluated,not_evaluated,not_evaluated
BRUSDT-LONG-1774374900000,BRUSDT-LONG-1774374900000,1774375317354,1774374900000,BRUSDT,LONG,100.0,0.99,OI jump 6.13% + breakout pending + 15m up + 1h up,0.1414,0.14428,0.14478,0.13681,6.130907335084926,0.005,3.3964918006861047,long_breakout_retest,BEARISH,69219.5,-2.581,-0.8982254570239325,0.007369409724739283,3.601586258207586,1.581409730329546,0.0,bearish,35.0,0.0,40.0,0.0,oi_jump;5m_breakout;15m_up;1h_up,INVALIDATED,retest invalidated,1,1774375632785,,,,,,,Y,,Y,,1774375632785,true_close,1.4639,4.4554,4.5403,4.4554,4.5403,4.4554,Y,Y,Y,Y,favor=1.46% adverse=4.46%,favor=4.54% adverse=4.46%,entry_ref_from_breakout_level,KILL_CORRECT,Y,10,0.0000,entry still reachable within 10m,113,18,,,,N,adverse_too_large,BEARISH,not_evaluated,not_evaluated,not_evaluated,not_evaluated,not_evaluated,not_evaluated,not_evaluated
FETUSDT-LONG-1774377300000,FETUSDT-LONG-1774377300000,1774377720251,1774377300000,FETUSDT,LONG,100.0,0.99,OI jump 2.08% + breakout pending + 15m up + 1h flat,0.2333,0.2349,0.2357,0.2321,2.077820914863736,-0.059522000000000005,3.0868011740530705,long_breakout_retest,BEARISH,69530.0,-2.088,-0.45763248216936026,0.48117910555595694,3.5855026607219904,1.5744101176528125,0.0,bearish,18.466925489182415,0.0,40.0,0.0,oi_jump;5m_breakout;15m_up;1h_flat,INVALIDATED,retest invalidated,1,1774378031630,,,,,,,Y,,Y,,1774378031630,true_close,2.5289,0.0429,6.7295,0.0429,7.5868,0.0429,Y,Y,Y,Y,favor=2.53% adverse=0.04%,favor=6.73% adverse=0.04%,entry_ref_from_breakout_level,KILL_CORRECT,Y,10,0.0000,entry still reachable within 10m,108,13,,,,N,no_meaningful_fast_move,BEARISH,not_evaluated,not_evaluated,not_evaluated,not_evaluated,not_evaluated,not_evaluated,not_evaluated
TONUSDT-SHORT-EXH-1774380600000,TONUSDT-SHORT-EXH-1774380600000,1774381566450,1774380600000,TONUSDT,SHORT,51.48229920670041,0.5148229920670041,1h exhaustion 27/35 + 15m breakdown 24/30 -> retest fail pending,1.3176,1.3147,1.3187,1.3132,-0.19383568105676235,0.005,1.1850195249501876,short_exhaustion_retest,BEARISH,69344.1,-2.16,-0.7070679589963629,-0.08011585097876184,3.595114797077184,1.57836522030056,0.0,bearish,0.0,27.0,24.48229920670041,0.0,1h_top_tests=5;1h_failed_breakout;1h_no_accept_above_resistance;15m_clean_breakdown;15m_break_dist=0.22%,CONFIRMED,signal confirmed,1,1774382482020,UNDECIDED,,,,,,N,confirmed_without_confirmed_ts,N,confirmed_without_confirmed_ts,,not_due_yet,0.2429,0.3415,0.2580,0.3415,0.2580,0.4402,Y,Y,Y,Y,favor=0.24% adverse=0.34%,favor=0.26% adverse=0.34%,entry_ref_from_breakout_level,NO_MEANINGFUL_MOVE,Y,10,0.0000,entry still reachable within 10m,69,34,,,,N,no_meaningful_fast_move,BEARISH,not_evaluated,not_evaluated,not_evaluated,not_evaluated,not_evaluated,not_evaluated,not_evaluated
SOLUSDT-SHORT-EXH-1774381500000,SOLUSDT-SHORT-EXH-1774381500000,1774382483950,1774381500000,SOLUSDT,SHORT,58.51202310464198,0.5851202310464199,1h exhaustion 33/35 + 15m breakdown 26/30 -> retest fail pending,88.65,88.46,88.84,88.35,-0.38751212202258817,-0.01674,1.5867660960828283,short_exhaustion_retest,BEARISH,69364.5,-1.72,0.031582317363344,0.031582317363344,3.59405747896979,0.10235783433889094,0.0,bearish,0.0,33.0,25.512023104641983,0.0,1h_top_tests=4;1h_failed_breakout;1h_no_accept_above_resistance;1h_weakening_push;15m_clean_breakdown;15m_break_dist=0.21%,INVALIDATED,retest invalidated,1,1774383438664,,,,,,,Y,,Y,,1774383438664,true_close,0.0000,1.7484,0.0000,2.3463,0.0000,2.9442,Y,Y,Y,Y,favor=0.00% adverse=1.75%,favor=0.00% adverse=2.35%,entry_ref_from_breakout_level,KILL_CORRECT,Y,10,0.0000,entry still reachable within 10m,3,113,,,,N,adverse_too_large,BEARISH,not_evaluated,not_evaluated,not_evaluated,not_evaluated,not_evaluated,not_evaluated,not_evaluated
TRXUSDT-SHORT-EXH-1774381500000,TRXUSDT-SHORT-EXH-1774381500000,1774382502516,1774381500000,TRXUSDT,SHORT,57.0,0.57,1h exhaustion 27/35 + 15m breakdown 30/30 -> retest fail pending,0.30944,0.30849,0.30945,0.30845,-0.750513675774662,0.004372,3.6548088856016414,short_exhaustion_retest,BEARISH,69345.5,-1.746,0.004326344844294849,0.004326344844294849,3.59504221614957,0.102385731755151,0.0,bearish,0.0,27.0,30.0,0.0,1h_top_tests=5;1h_failed_breakout;1h_no_accept_above_resistance;15m_clean_breakdown;15m_break_dist=0.31%,INVALIDATED,retest invalidated,1,1774383438776,,,,,,,Y,,Y,,1774383438776,true_close,0.6980,0.1325,0.8467,0.1325,1.3961,0.1325,Y,Y,Y,Y,favor=0.70% adverse=0.13%,favor=0.85% adverse=0.13%,entry_ref_from_breakout_level,KILL_CORRECT,Y,10,0.0000,entry still reachable within 10m,63,3,,,,N,no_meaningful_fast_move,BEARISH,not_evaluated,not_evaluated,not_evaluated,not_evaluated,not_evaluated,not_evaluated,not_evaluated
TAOUSDT-LONG-1774383600000,TAOUSDT-LONG-1774383600000,1774383919486,1774383600000,TAOUSDT,LONG,100.0,0.99,OI jump 2.06% + breakout pending + 15m flat + 1h up,333.88,338.88,338.98,331.12,2.0616973959095652,-0.013114999999999998,3.5680574008530663,long_breakout_retest,BEARISH,69960.8,-1.105,0.878103791897036,0.8556067987066944,3.5634240889183655,1.0115580080484419,0.0,bearish,18.37018437545739,0.0,40.0,0.0,oi_jump;5m_breakout;15m_flat;1h_up,INVALIDATED,retest invalidated,4,1774385193626,,,,,,,Y,,Y,,1774385193626,true_close,0.3444,3.5132,0.6829,3.5132,3.0700,3.5132,Y,Y,Y,Y,favor=0.34% adverse=3.51%,favor=0.68% adverse=3.51%,entry_ref_from_breakout_level,KILL_CORRECT,Y,10,0.0000,entry still reachable within 10m,88,33,,,,N,adverse_too_large,BEARISH,not_evaluated,not_evaluated,not_evaluated,not_evaluated,not_evaluated,not_evaluated,not_evaluated
FETUSDT-LONG-1774383600000,FETUSDT-LONG-1774383600000,1774383933036,1774383600000,FETUSDT,LONG,100.0,0.99,OI jump 2.06% + breakout pending + 15m up + 1h flat,0.2415,0.2469,0.2473,0.2407,2.056832276393384,-0.061908000000000005,3.40710148683447,long_breakout_retest,BEARISH,69961.3,-1.105,0.9099745322500165,0.891371249419536,3.563398621809486,1.0228143185430099,0.0,bearish,18.340993658360304,0.0,40.0,0.0,oi_jump;5m_breakout;15m_up;1h_flat,EXPIRED_WAIT,retest wait expired,8,1774386320490,,,,,,,Y,,Y,,1774386320490,true_close,2.7329,0.0000,2.7329,1.3665,4.6791,1.3665,Y,Y,Y,Y,favor=2.73% adverse=0.00%,favor=2.73% adverse=1.37%,entry_ref_from_breakout_level,WAIT_TOO_SHORT_CANDIDATE,Y,10,0.0000,entry still reachable within 10m,5,85,,,,Y,valid_missed_continuation,BEARISH,not_evaluated,not_evaluated,not_evaluated,not_evaluated,not_evaluated,not_evaluated,not_evaluated
GALAUSDT-LONG-1774383600000,GALAUSDT-LONG-1774383600000,1774384105882,1774383600000,GALAUSDT,LONG,100.0,0.99,OI jump 2.03% + breakout pending + 15m up + 1h flat,0.0032,0.00324,0.00325,0.0032,2.032018455234515,0.01,9.024145494005795,long_breakout_retest,BEARISH,69966.0,-1.09,0.8903617689558715,0.8815648677724636,3.563159248777978,1.446683819325337,0.0,bearish,18.19211073140709,0.0,40.0,0.0,oi_jump;5m_breakout;15m_up;1h_flat,EXPIRED_WAIT,retest wait expired,8,1774386320609,,,,,,,Y,,Y,,1774386320609,true_close,1.5625,0.0000,1.5625,0.0000,1.5625,0.6250,Y,Y,Y,Y,favor=1.56% adverse=0.00%,favor=1.56% adverse=0.00%,entry_ref_from_breakout_level,WAIT_TOO_SHORT_CANDIDATE,Y,10,0.0000,entry still reachable within 10m,35,85,,,,Y,valid_missed_continuation,BEARISH,not_evaluated,not_evaluated,not_evaluated,not_evaluated,not_evaluated,not_evaluated,not_evaluated
VVVUSDT-LONG-1774383600000,VVVUSDT-LONG-1774383600000,1774384118359,1774383600000,VVVUSDT,LONG,100.0,0.99,OI jump 2.02% + breakout pending + 15m flat + 1h flat,5.918,6.058,6.062,5.903,2.0228804435650067,0.004216,5.367680836933038,long_breakout_retest,BEARISH,69950.5,-1.112,0.893822844831299,0.8495499159246859,3.5639487923603124,1.4466341920803258,0.0,bearish,18.13728266139004,0.0,40.0,0.0,oi_jump;5m_breakout;15m_flat;1h_flat,EXPIRED_WAIT,retest wait expired,8,1774386320725,,,,,,,Y,,Y,,1774386320725,true_close,3.0923,0.0000,5.0862,0.0000,13.3322,0.0000,N,N,Y,Y,favor=3.09% adverse=0.00%,favor=5.09% adverse=0.00%,entry_ref_from_breakout_level,NO_MEANINGFUL_MOVE,Y,10,0.0000,entry still reachable within 10m,120,30,,,,N,no_meaningful_fast_move,BEARISH,not_evaluated,not_evaluated,not_evaluated,not_evaluated,not_evaluated,not_evaluated,not_evaluated
VIRTUALUSDT-LONG-1774384200000,VIRTUALUSDT-LONG-1774384200000,1774384738917,1774384200000,VIRTUALUSDT,LONG,100.0,0.99,OI jump 3.96% + breakout pending + 15m up + 1h flat,0.7302,0.7347,0.739,0.7248,3.9627300975250113,0.002517,7.8322313346974015,long_breakout_retest,BEARISH,69999.8,-1.286,0.9477579438901873,0.9356441783261492,3.561438746967848,1.4458612738893621,0.0,bearish,29.77638058515007,0.0,40.0,0.0,oi_jump;5m_breakout;15m_up;1h_flat,INVALIDATED,retest invalidated,1,1774384876329,,,,,,,Y,,Y,,1774384876329,true_close,0.0000,1.7803,0.4656,1.7803,0.4656,1.7803,Y,Y,Y,Y,favor=0.00% adverse=1.78%,favor=0.47% adverse=1.78%,entry_ref_from_breakout_level,KILL_CORRECT,Y,10,0.0000,entry still reachable within 10m,84,29,,,,N,adverse_too_large,BEARISH,not_evaluated,not_evaluated,not_evaluated,not_evaluated,not_evaluated,not_evaluated,not_evaluated
ZECUSDT-LONG-1774386000000,ZECUSDT-LONG-1774386000000,1774386483867,1774386000000,ZECUSDT,LONG,100.0,0.99,OI jump 2.28% + breakout pending + 15m flat + 1h flat,234.85,238.92,239.12,234.59,2.2780744039733,0.01,3.416262764870276,long_breakout_retest,BEARISH,70035.7,-1.183,0.980349741717196,-0.04424361964188358,3.5596131687125285,1.4453946165798457,0.0,bearish,19.6684464238398,0.0,40.0,0.0,oi_jump;5m_breakout;15m_flat;1h_flat,EXPIRED_WAIT,retest wait expired,8,1774388712365,,,,,,,Y,,Y,,1774388712365,true_close,2.8359,0.0000,3.3724,0.0000,5.4333,0.0000,N,N,Y,Y,favor=2.84% adverse=0.00%,favor=3.37% adverse=0.00%,entry_ref_from_breakout_level,NO_MEANINGFUL_MOVE,Y,10,0.0000,entry still reachable within 10m,115,5,,,,N,no_meaningful_fast_move,BEARISH,not_evaluated,not_evaluated,not_evaluated,not_evaluated,not_evaluated,not_evaluated,not_evaluated
TRXUSDT-SHORT-EXH-1774386900000,TRXUSDT-SHORT-EXH-1774386900000,1774387929929,1774386900000,TRXUSDT,SHORT,53.89813191244506,0.5389813191244506,1h exhaustion 27/35 + 15m breakdown 27/30 -> retest fail pending,0.30825,0.30751,0.30861,0.30682,-0.01759147509688488,-0.002957,2.684930851741665,short_exhaustion_retest,BEARISH,70026.4,-1.185,0.9807823762016296,-0.05737398418078177,3.560085910456628,1.4453884240396413,0.0,bearish,0.0,27.0,26.89813191244506,0.0,1h_top_tests=5;1h_failed_breakout;1h_no_accept_above_resistance;15m_clean_breakdown;15m_break_dist=0.24%,CONFIRMED,signal confirmed,1,1774388712710,UNDECIDED,,,,,,N,confirmed_without_confirmed_ts,N,confirmed_without_confirmed_ts,,not_due_yet,0.2985,0.0000,0.8305,0.0000,1.0154,0.0000,N,N,Y,Y,favor=0.30% adverse=0.00%,favor=0.83% adverse=0.00%,entry_ref_from_breakout_level,NO_MEANINGFUL_MOVE,Y,10,0.0000,entry still reachable within 10m,105,25,,,,N,no_meaningful_fast_move,BEARISH,not_evaluated,not_evaluated,not_evaluated,not_evaluated,not_evaluated,not_evaluated,not_evaluated
LIGHTUSDT-LONG-1774389300000,LIGHTUSDT-LONG-1774389300000,1774389839002,1774389300000,LIGHTUSDT,LONG,78.07839572125692,0.7807839572125692,OI jump 2.28% + breakout pending + 15m up + 1h flat,0.2189,0.2205,0.2209,0.2145,2.284097587954782,0.005,1.3565030096764157,long_breakout_retest,RANGE,70189.2,-0.692,1.241949393302237,-0.13144380492828087,3.5518284864338105,1.60774772875544,0.0,neutral,19.70458552772869,0.0,38.68946061173584,0.0,oi_jump;5m_breakout;15m_up;1h_flat,INVALIDATED,retest invalidated,1,1774389987612,,,,,,,Y,,Y,,1774389987612,true_close,0.5939,5.1622,2.7410,5.1622,5.9388,5.1622,Y,Y,Y,Y,favor=0.59% adverse=5.16%,favor=2.74% adverse=5.16%,entry_ref_from_breakout_level,KILL_CORRECT,Y,10,0.0000,entry still reachable within 10m,119,19,,,,N,adverse_too_large,RANGE,not_evaluated,not_evaluated,not_evaluated,not_evaluated,not_evaluated,not_evaluated,not_evaluated
WLFIUSDT-LONG-1774390200000,WLFIUSDT-LONG-1774390200000,1774390645385,1774390200000,WLFIUSDT,LONG,100.0,0.99,OI jump 2.33% + breakout pending + 15m flat + 1h up,0.1039,0.1047,0.1051,0.1035,2.334531580658863,-0.001617,29.67052180445317,long_breakout_retest,RANGE,70406.4,-0.299,1.5339776702921393,0.15676523055299874,3.5408712844286887,1.8325064660406973,0.0,neutral,20.007189483953177,0.0,40.0,0.0,oi_jump;5m_breakout;15m_flat;1h_up,INVALIDATED,retest invalidated,3,1774391425292,,,,,,,Y,,Y,,1774391425292,true_close,0.9625,0.4812,0.9625,0.4812,1.0587,1.4437,Y,Y,Y,Y,favor=0.96% adverse=0.48%,favor=0.96% adverse=0.48%,entry_ref_from_breakout_level,KILL_CORRECT,Y,10,0.0000,entry still reachable within 10m,35,5,,,,N,no_meaningful_fast_move,RANGE,not_evaluated,not_evaluated,not_evaluated,not_evaluated,not_evaluated,not_evaluated,not_evaluated
VVVUSDT-LONG-1774391400000,VVVUSDT-LONG-1774391400000,1774391937948,1774391400000,VVVUSDT,LONG,100.0,0.99,OI jump 2.94% + breakout pending + 15m up + 1h up,6.141,6.19,6.204,6.093,2.9360496677553876,0.005,4.779027081139941,long_breakout_retest,RANGE,70217.6,-0.578,1.2902602440635296,-0.10541110330286882,3.550391924531741,1.8369157128762235,0.0,neutral,23.616298006532325,0.0,40.0,0.0,oi_jump;5m_breakout;15m_up;1h_up,INVALIDATED,acceptance_floor_lost 6.134000<6.175250,3,1774392699650,,,,,,,Y,,Y,,1774392699650,true_close,3.1917,0.0000,9.2167,0.0000,9.2167,0.0000,N,N,Y,Y,favor=3.19% adverse=0.00%,favor=9.22% adverse=0.00%,entry_ref_from_breakout_level,KILL_CORRECT,Y,10,0.0000,entry still reachable within 10m,113,8,,,,N,no_meaningful_fast_move,RANGE,not_evaluated,not_evaluated,not_evaluated,not_evaluated,not_evaluated,not_evaluated,not_evaluated
BRUSDT-LONG-1774393800000,BRUSDT-LONG-1774393800000,1774394142673,1774393800000,BRUSDT,LONG,100.0,0.99,OI jump 2.21% + breakout pending + 15m up + 1h flat,0.14776,0.14867,0.14986,0.14555,2.2060746315358797,0.005,3.31191856763379,long_breakout_retest,RANGE,70493.2,-0.04,1.6584321903130255,0.30635519843365117,3.5365113230779706,1.8406187316115448,0.0,neutral,19.236447789215276,0.0,40.0,0.0,oi_jump;5m_breakout;15m_up;1h_flat,EXPIRED_WAIT,retest wait expired,8,1774396536009,,,,,,,Y,,Y,,1774396536009,true_close,25.1557,0.0000,25.1557,0.0000,25.1557,0.0000,N,N,Y,Y,favor=25.16% adverse=0.00%,favor=25.16% adverse=0.00%,entry_ref_from_breakout_level,WAIT_TOO_SHORT_CANDIDATE,Y,10,0.0000,entry still reachable within 10m,49,104,,,,Y,valid_missed_continuation,RANGE,not_evaluated,not_evaluated,not_evaluated,not_evaluated,not_evaluated,not_evaluated,not_evaluated
TRIAUSDT-SHORT-EXH-1774393200000,TRIAUSDT-SHORT-EXH-1774393200000,1774394163230,1774393200000,TRIAUSDT,SHORT,55.1495684699192,0.5514956846991921,1h exhaustion 31/35 + 15m breakdown 24/30 -> retest fail pending,0.03537,0.03531,0.03598,0.03524,-1.6015347328092944,-0.08183,1.162801640568978,short_exhaustion_retest,RANGE,70509.0,-0.017,1.6820828754618287,0.3286950805302947,3.5357188444028425,1.8401906139641748,0.0,neutral,0.0,31.0,24.1495684699192,0.0,1h_top_tests=2;1h_failed_breakout;1h_no_accept_above_resistance;1h_weakening_push;15m_clean_breakdown;15m_break_dist=0.17%,INVALIDATED,retest invalidated,1,1774395093914,,,,,,,Y,,Y,,1774395093914,true_close,2.6859,0.5937,2.6859,1.4419,2.6859,5.9090,Y,Y,Y,Y,favor=2.69% adverse=0.59%,favor=2.69% adverse=1.44%,entry_ref_from_breakout_level,KILL_CORRECT,N,10,,entry not reached within 10m,28,78,,,,N,entry_not_feasible,RANGE,not_evaluated,not_evaluated,not_evaluated,not_evaluated,not_evaluated,not_evaluated,not_evaluated
BTRUSDT-LONG-1774393800000,BTRUSDT-LONG-1774393800000,1774394320596,1774393800000,BTRUSDT,LONG,68.98625836194621,0.6898625836194622,OI jump 2.06% + breakout pending + 15m up + 1h up,0.03882,0.0389,0.03917,0.03816,2.0644972944764586,-0.186215,1.2725379871801252,long_breakout_retest,RANGE,70489.9,0.003,1.669103840928944,0.2953986957493121,3.5366768856247495,1.8404255319148937,0.0,neutral,18.38698376685875,0.0,24.501091696474816,0.0,oi_jump;5m_breakout;15m_up;1h_up,INVALIDATED,acceptance_floor_lost 0.038770<0.039138,1,1774394456870,,,,,,,Y,,Y,,1774394456870,true_close,1.4941,1.1592,9.5054,1.1592,9.5054,1.1592,Y,Y,Y,Y,favor=1.49% adverse=1.16%,favor=9.51% adverse=1.16%,entry_ref_from_breakout_level,KILL_CORRECT,Y,10,0.0000,entry still reachable within 10m,99,19,,,,N,no_meaningful_fast_move,RANGE,not_evaluated,not_evaluated,not_evaluated,not_evaluated,not_evaluated,not_evaluated,not_evaluated
TRIAUSDT-SHORT-EXH-1774394100000,TRIAUSDT-SHORT-EXH-1774394100000,1774395120728,1774394100000,TRIAUSDT,SHORT,56.16005689496937,0.5616005689496937,1h exhaustion 31/35 + 15m breakdown 25/30 -> retest fail pending,0.03524,0.03488,0.0356,0.03482,-1.6015347328092944,-0.083148,1.3091148785828008,short_exhaustion_retest,RANGE,70774.8,0.166,2.084000311496816,0.7234137616519685,3.5224401905763063,2.1783445429078783,0.0,neutral,0.0,31.0,25.16005689496937,0.0,1h_top_tests=2;1h_failed_breakout;1h_no_accept_above_resistance;1h_weakening_push;15m_clean_breakdown;15m_break_dist=1.02%,CONFIRMED,signal confirmed,2,1774396856106,UNDECIDED,,,,,,N,confirmed_without_confirmed_ts,N,confirmed_without_confirmed_ts,,not_due_yet,2.1283,1.8161,2.1283,6.2997,2.1283,6.2997,Y,Y,Y,Y,favor=2.13% adverse=1.82%,favor=2.13% adverse=6.30%,entry_ref_from_breakout_level,NO_MEANINGFUL_MOVE,Y,10,0.0000,entry still reachable within 10m,4,94,,,,N,adverse_too_large,RANGE,not_evaluated,not_evaluated,not_evaluated,not_evaluated,not_evaluated,not_evaluated,not_evaluated
