case_id,case_day,symbol,side,strategy,setup_id,signal_id,signal_time_ms,created_time_ms,confirmed_time_ms,sent_time_ms,close_time_ms,fallback_close_due_ms,signal_time_local,created_time_local,confirmed_time_local,sent_time_local,close_time_local,fallback_close_due_local,signal_price,breakout_level,entry_price,stop_price,tp1_price,tp2_price,status_final,close_reason,bars_waited,time_to_confirm_min,time_to_close_min,outcome,r_multiple,pre_pending_image,pending_open_image,entry_or_confirm_image,case_close_image,has_pre_pending_image,has_pending_open_image,has_entry_or_confirm_image,has_case_close_image,case_bundle_complete,human_review_status,verdict_code,root_cause_code,action_candidate_code,confidence_code,review_notes_short
BEATUSDT-LONG-1774482900000,2026-03-26,BEATUSDT,LONG,long_breakout_retest,BEATUSDT-LONG-1774482900000,,1774482900000,1774483306062,0,0,1774485692064,1774497706062,2026-03-26 06:55:00,2026-03-26 07:01:46,,,2026-03-26 07:41:32,2026-03-26 11:01:46,0.6183,0.5938,,,,,EXPIRED_WAIT,retest wait expired,8,,39.77,,,/root/binance_bot_signals/review_workspace/2026-03-26/cases/BEATUSDT-LONG-1774482900000/pre_pending.png,/root/binance_bot_signals/review_workspace/2026-03-26/cases/BEATUSDT-LONG-1774482900000/pending_open.png,/root/binance_bot_signals/review_workspace/2026-03-26/cases/BEATUSDT-LONG-1774482900000/entry_or_confirm.png,/root/binance_bot_signals/review_workspace/2026-03-26/cases/BEATUSDT-LONG-1774482900000/case_close.png,Y,Y,Y,Y,Y,UNREVIEWED,UNREVIEWED,UNREVIEWED,UNREVIEWED,UNSET,
ONTUSDT-LONG-1774483500000,2026-03-26,ONTUSDT,LONG,long_breakout_retest,ONTUSDT-LONG-1774483500000,,1774483500000,1774483924118,0,0,1774486337164,1774498324118,2026-03-26 07:05:00,2026-03-26 07:12:04,,,2026-03-26 07:52:17,2026-03-26 11:12:04,0.0619,0.0607,,,,,EXPIRED_WAIT,retest wait expired,8,,40.22,,,/root/binance_bot_signals/review_workspace/2026-03-26/cases/ONTUSDT-LONG-1774483500000/pre_pending.png,/root/binance_bot_signals/review_workspace/2026-03-26/cases/ONTUSDT-LONG-1774483500000/pending_open.png,/root/binance_bot_signals/review_workspace/2026-03-26/cases/ONTUSDT-LONG-1774483500000/entry_or_confirm.png,/root/binance_bot_signals/review_workspace/2026-03-26/cases/ONTUSDT-LONG-1774483500000/case_close.png,Y,Y,Y,Y,Y,UNREVIEWED,UNREVIEWED,UNREVIEWED,UNREVIEWED,UNSET,
CFGUSDT-SHORT-EXH-1774483200000,2026-03-26,CFGUSDT,SHORT,short_exhaustion_retest,CFGUSDT-SHORT-EXH-1774483200000,,1774483200000,1774484107172,0,0,1774485049961,1774498507172,2026-03-26 07:00:00,2026-03-26 07:15:07,,,2026-03-26 07:30:49,2026-03-26 11:15:07,0.1396,0.1403,,,,,INVALIDATED,retest invalidated,1,,15.71,,,/root/binance_bot_signals/review_workspace/2026-03-26/cases/CFGUSDT-SHORT-EXH-1774483200000/pre_pending.png,/root/binance_bot_signals/review_workspace/2026-03-26/cases/CFGUSDT-SHORT-EXH-1774483200000/pending_open.png,/root/binance_bot_signals/review_workspace/2026-03-26/cases/CFGUSDT-SHORT-EXH-1774483200000/entry_or_confirm.png,/root/binance_bot_signals/review_workspace/2026-03-26/cases/CFGUSDT-SHORT-EXH-1774483200000/case_close.png,Y,Y,Y,Y,Y,UNREVIEWED,UNREVIEWED,UNREVIEWED,UNREVIEWED,UNSET,
BARDUSDT-SHORT-EXH-1774483200000,2026-03-26,BARDUSDT,SHORT,short_exhaustion_retest,BARDUSDT-SHORT-EXH-1774483200000,,1774483200000,1774484118873,0,0,1774485050313,1774498518873,2026-03-26 07:00:00,2026-03-26 07:15:18,,,2026-03-26 07:30:50,2026-03-26 11:15:18,0.4473,0.4481,,,,,CONFIRMED,signal confirmed,1,,15.52,,,/root/binance_bot_signals/review_workspace/2026-03-26/cases/BARDUSDT-SHORT-EXH-1774483200000/pre_pending.png,/root/binance_bot_signals/review_workspace/2026-03-26/cases/BARDUSDT-SHORT-EXH-1774483200000/pending_open.png,/root/binance_bot_signals/review_workspace/2026-03-26/cases/BARDUSDT-SHORT-EXH-1774483200000/entry_or_confirm.png,/root/binance_bot_signals/review_workspace/2026-03-26/cases/BARDUSDT-SHORT-EXH-1774483200000/case_close.png,Y,Y,Y,Y,Y,UNREVIEWED,UNREVIEWED,UNREVIEWED,UNREVIEWED,UNSET,
JTOUSDT-SHORT-EXH-1774485000000,2026-03-26,JTOUSDT,SHORT,short_exhaustion_retest,JTOUSDT-SHORT-EXH-1774485000000,,1774485000000,1774486029194,0,0,1774487782982,1774500429194,2026-03-26 07:30:00,2026-03-26 07:47:09,,,2026-03-26 08:16:22,2026-03-26 11:47:09,0.3256,0.3322,,,,,CONFIRMED,signal confirmed,2,,29.23,,,/root/binance_bot_signals/review_workspace/2026-03-26/cases/JTOUSDT-SHORT-EXH-1774485000000/pre_pending.png,/root/binance_bot_signals/review_workspace/2026-03-26/cases/JTOUSDT-SHORT-EXH-1774485000000/pending_open.png,/root/binance_bot_signals/review_workspace/2026-03-26/cases/JTOUSDT-SHORT-EXH-1774485000000/entry_or_confirm.png,/root/binance_bot_signals/review_workspace/2026-03-26/cases/JTOUSDT-SHORT-EXH-1774485000000/case_close.png,Y,Y,Y,Y,Y,UNREVIEWED,UNREVIEWED,UNREVIEWED,UNREVIEWED,UNSET,
BEATUSDT-LONG-1774486200000,2026-03-26,BEATUSDT,LONG,long_breakout_retest,BEATUSDT-LONG-1774486200000,,1774486200000,1774486687513,0,0,1774488908725,1774501087513,2026-03-26 07:50:00,2026-03-26 07:58:07,,,2026-03-26 08:35:08,2026-03-26 11:58:07,0.6571,0.652,,,,,EXPIRED_WAIT,retest wait expired,8,,37.02,,,/root/binance_bot_signals/review_workspace/2026-03-26/cases/BEATUSDT-LONG-1774486200000/pre_pending.png,/root/binance_bot_signals/review_workspace/2026-03-26/cases/BEATUSDT-LONG-1774486200000/pending_open.png,/root/binance_bot_signals/review_workspace/2026-03-26/cases/BEATUSDT-LONG-1774486200000/entry_or_confirm.png,/root/binance_bot_signals/review_workspace/2026-03-26/cases/BEATUSDT-LONG-1774486200000/case_close.png,Y,Y,Y,Y,Y,UNREVIEWED,UNREVIEWED,UNREVIEWED,UNREVIEWED,UNSET,
SIGNUSDT-SHORT-EXH-1774485900000,2026-03-26,SIGNUSDT,SHORT,short_exhaustion_retest,SIGNUSDT-SHORT-EXH-1774485900000,,1774485900000,1774486838918,0,0,1774489548776,1774501238918,2026-03-26 07:45:00,2026-03-26 08:00:38,,,2026-03-26 08:45:48,2026-03-26 12:00:38,0.0388,0.04036,,,,,EXPIRED_WAIT,retest wait expired,3,,45.16,,,/root/binance_bot_signals/review_workspace/2026-03-26/cases/SIGNUSDT-SHORT-EXH-1774485900000/pre_pending.png,/root/binance_bot_signals/review_workspace/2026-03-26/cases/SIGNUSDT-SHORT-EXH-1774485900000/pending_open.png,/root/binance_bot_signals/review_workspace/2026-03-26/cases/SIGNUSDT-SHORT-EXH-1774485900000/entry_or_confirm.png,/root/binance_bot_signals/review_workspace/2026-03-26/cases/SIGNUSDT-SHORT-EXH-1774485900000/case_close.png,Y,Y,Y,Y,Y,UNREVIEWED,UNREVIEWED,UNREVIEWED,UNREVIEWED,UNSET,
SUPERUSDT-LONG-1774489500000,2026-03-26,SUPERUSDT,LONG,long_breakout_retest,SUPERUSDT-LONG-1774489500000,,1774489500000,1774489901531,0,0,1774490838152,1774504301531,2026-03-26 08:45:00,2026-03-26 08:51:41,,,2026-03-26 09:07:18,2026-03-26 12:51:41,0.1387,0.1343,,,,,INVALIDATED,retest invalidated,3,,15.61,,,/root/binance_bot_signals/review_workspace/2026-03-26/cases/SUPERUSDT-LONG-1774489500000/pre_pending.png,/root/binance_bot_signals/review_workspace/2026-03-26/cases/SUPERUSDT-LONG-1774489500000/pending_open.png,/root/binance_bot_signals/review_workspace/2026-03-26/cases/SUPERUSDT-LONG-1774489500000/entry_or_confirm.png,/root/binance_bot_signals/review_workspace/2026-03-26/cases/SUPERUSDT-LONG-1774489500000/case_close.png,Y,Y,Y,Y,Y,UNREVIEWED,UNREVIEWED,UNREVIEWED,UNREVIEWED,UNSET,
FILUSDT-SHORT-EXH-1774489500000,2026-03-26,FILUSDT,SHORT,short_exhaustion_retest,FILUSDT-SHORT-EXH-1774489500000,,1774489500000,1774490530787,0,0,1774493114619,1774504930787,2026-03-26 08:45:00,2026-03-26 09:02:10,,,2026-03-26 09:45:14,2026-03-26 13:02:10,0.916,0.923,,,,,EXPIRED_WAIT,retest wait expired,3,,43.06,,,/root/binance_bot_signals/review_workspace/2026-03-26/cases/FILUSDT-SHORT-EXH-1774489500000/pre_pending.png,/root/binance_bot_signals/review_workspace/2026-03-26/cases/FILUSDT-SHORT-EXH-1774489500000/pending_open.png,/root/binance_bot_signals/review_workspace/2026-03-26/cases/FILUSDT-SHORT-EXH-1774489500000/entry_or_confirm.png,/root/binance_bot_signals/review_workspace/2026-03-26/cases/FILUSDT-SHORT-EXH-1774489500000/case_close.png,Y,Y,Y,Y,Y,UNREVIEWED,UNREVIEWED,UNREVIEWED,UNREVIEWED,UNSET,
JCTUSDT-LONG-1774490100000,2026-03-26,JCTUSDT,LONG,long_breakout_retest,JCTUSDT-LONG-1774490100000,,1774490100000,1774490547942,0,0,1774492628751,1774504947942,2026-03-26 08:55:00,2026-03-26 09:02:27,,,2026-03-26 09:37:08,2026-03-26 13:02:27,0.002846,0.002813,,,,,INVALIDATED,retest invalidated,7,,34.68,,,/root/binance_bot_signals/review_workspace/2026-03-26/cases/JCTUSDT-LONG-1774490100000/pre_pending.png,/root/binance_bot_signals/review_workspace/2026-03-26/cases/JCTUSDT-LONG-1774490100000/pending_open.png,/root/binance_bot_signals/review_workspace/2026-03-26/cases/JCTUSDT-LONG-1774490100000/entry_or_confirm.png,/root/binance_bot_signals/review_workspace/2026-03-26/cases/JCTUSDT-LONG-1774490100000/case_close.png,Y,Y,Y,Y,Y,UNREVIEWED,UNREVIEWED,UNREVIEWED,UNREVIEWED,UNSET,
LINKUSDT-SHORT-EXH-1774490400000,2026-03-26,LINKUSDT,SHORT,short_exhaustion_retest,LINKUSDT-SHORT-EXH-1774490400000,,1774490400000,1774491335427,0,0,1774492296434,1774505735427,2026-03-26 09:00:00,2026-03-26 09:15:35,,,2026-03-26 09:31:36,2026-03-26 13:15:35,9.323,9.338,,,,,CONFIRMED,signal confirmed,1,,16.02,,,/root/binance_bot_signals/review_workspace/2026-03-26/cases/LINKUSDT-SHORT-EXH-1774490400000/pre_pending.png,/root/binance_bot_signals/review_workspace/2026-03-26/cases/LINKUSDT-SHORT-EXH-1774490400000/pending_open.png,/root/binance_bot_signals/review_workspace/2026-03-26/cases/LINKUSDT-SHORT-EXH-1774490400000/entry_or_confirm.png,/root/binance_bot_signals/review_workspace/2026-03-26/cases/LINKUSDT-SHORT-EXH-1774490400000/case_close.png,Y,Y,Y,Y,Y,UNREVIEWED,UNREVIEWED,UNREVIEWED,UNREVIEWED,UNSET,
AVAXUSDT-SHORT-EXH-1774490400000,2026-03-26,AVAXUSDT,SHORT,short_exhaustion_retest,AVAXUSDT-SHORT-EXH-1774490400000,,1774490400000,1774491337178,0,0,1774494084280,1774505737178,2026-03-26 09:00:00,2026-03-26 09:15:37,,,2026-03-26 10:01:24,2026-03-26 13:15:37,9.612,9.641,,,,,EXPIRED_WAIT,retest wait expired,3,,45.79,,,/root/binance_bot_signals/review_workspace/2026-03-26/cases/AVAXUSDT-SHORT-EXH-1774490400000/pre_pending.png,/root/binance_bot_signals/review_workspace/2026-03-26/cases/AVAXUSDT-SHORT-EXH-1774490400000/pending_open.png,/root/binance_bot_signals/review_workspace/2026-03-26/cases/AVAXUSDT-SHORT-EXH-1774490400000/entry_or_confirm.png,/root/binance_bot_signals/review_workspace/2026-03-26/cases/AVAXUSDT-SHORT-EXH-1774490400000/case_close.png,Y,Y,Y,Y,Y,UNREVIEWED,UNREVIEWED,UNREVIEWED,UNREVIEWED,UNSET,
TRUMPUSDT-SHORT-EXH-1774490400000,2026-03-26,TRUMPUSDT,SHORT,short_exhaustion_retest,TRUMPUSDT-SHORT-EXH-1774490400000,,1774490400000,1774491338466,0,0,1774494084409,1774505738466,2026-03-26 09:00:00,2026-03-26 09:15:38,,,2026-03-26 10:01:24,2026-03-26 13:15:38,3.25,3.258,,,,,EXPIRED_WAIT,retest wait expired,3,,45.77,,,/root/binance_bot_signals/review_workspace/2026-03-26/cases/TRUMPUSDT-SHORT-EXH-1774490400000/pre_pending.png,/root/binance_bot_signals/review_workspace/2026-03-26/cases/TRUMPUSDT-SHORT-EXH-1774490400000/pending_open.png,/root/binance_bot_signals/review_workspace/2026-03-26/cases/TRUMPUSDT-SHORT-EXH-1774490400000/entry_or_confirm.png,/root/binance_bot_signals/review_workspace/2026-03-26/cases/TRUMPUSDT-SHORT-EXH-1774490400000/case_close.png,Y,Y,Y,Y,Y,UNREVIEWED,UNREVIEWED,UNREVIEWED,UNREVIEWED,UNSET,
WLDUSDT-SHORT-EXH-1774490400000,2026-03-26,WLDUSDT,SHORT,short_exhaustion_retest,WLDUSDT-SHORT-EXH-1774490400000,,1774490400000,1774491342143,0,0,1774492296918,1774505742143,2026-03-26 09:00:00,2026-03-26 09:15:42,,,2026-03-26 09:31:36,2026-03-26 13:15:42,0.3189,0.3194,,,,,CONFIRMED,signal confirmed,1,,15.91,,,/root/binance_bot_signals/review_workspace/2026-03-26/cases/WLDUSDT-SHORT-EXH-1774490400000/pre_pending.png,/root/binance_bot_signals/review_workspace/2026-03-26/cases/WLDUSDT-SHORT-EXH-1774490400000/pending_open.png,/root/binance_bot_signals/review_workspace/2026-03-26/cases/WLDUSDT-SHORT-EXH-1774490400000/entry_or_confirm.png,/root/binance_bot_signals/review_workspace/2026-03-26/cases/WLDUSDT-SHORT-EXH-1774490400000/case_close.png,Y,Y,Y,Y,Y,UNREVIEWED,UNREVIEWED,UNREVIEWED,UNREVIEWED,UNSET,
XLMUSDT-SHORT-EXH-1774490400000,2026-03-26,XLMUSDT,SHORT,short_exhaustion_retest,XLMUSDT-SHORT-EXH-1774490400000,,1774490400000,1774491345376,0,0,1774492297258,1774505745376,2026-03-26 09:00:00,2026-03-26 09:15:45,,,2026-03-26 09:31:37,2026-03-26 13:15:45,0.17628,0.17671,,,,,CONFIRMED,signal confirmed,1,,15.86,,,/root/binance_bot_signals/review_workspace/2026-03-26/cases/XLMUSDT-SHORT-EXH-1774490400000/pre_pending.png,/root/binance_bot_signals/review_workspace/2026-03-26/cases/XLMUSDT-SHORT-EXH-1774490400000/pending_open.png,/root/binance_bot_signals/review_workspace/2026-03-26/cases/XLMUSDT-SHORT-EXH-1774490400000/entry_or_confirm.png,/root/binance_bot_signals/review_workspace/2026-03-26/cases/XLMUSDT-SHORT-EXH-1774490400000/case_close.png,Y,Y,Y,Y,Y,UNREVIEWED,UNREVIEWED,UNREVIEWED,UNREVIEWED,UNSET,
LTCUSDT-SHORT-EXH-1774490400000,2026-03-26,LTCUSDT,SHORT,short_exhaustion_retest,LTCUSDT-SHORT-EXH-1774490400000,,1774490400000,1774491348560,0,0,1774492297742,1774505748560,2026-03-26 09:00:00,2026-03-26 09:15:48,,,2026-03-26 09:31:37,2026-03-26 13:15:48,56.16,56.26,,,,,CONFIRMED,signal confirmed,1,,15.82,,,/root/binance_bot_signals/review_workspace/2026-03-26/cases/LTCUSDT-SHORT-EXH-1774490400000/pre_pending.png,/root/binance_bot_signals/review_workspace/2026-03-26/cases/LTCUSDT-SHORT-EXH-1774490400000/pending_open.png,/root/binance_bot_signals/review_workspace/2026-03-26/cases/LTCUSDT-SHORT-EXH-1774490400000/entry_or_confirm.png,/root/binance_bot_signals/review_workspace/2026-03-26/cases/LTCUSDT-SHORT-EXH-1774490400000/case_close.png,Y,Y,Y,Y,Y,UNREVIEWED,UNREVIEWED,UNREVIEWED,UNREVIEWED,UNSET,
FARTCOINUSDT-SHORT-EXH-1774490400000,2026-03-26,FARTCOINUSDT,SHORT,short_exhaustion_retest,FARTCOINUSDT-SHORT-EXH-1774490400000,,1774490400000,1774491352224,0,0,1774494084534,1774505752224,2026-03-26 09:00:00,2026-03-26 09:15:52,,,2026-03-26 10:01:24,2026-03-26 13:15:52,0.1894,0.1901,,,,,EXPIRED_WAIT,retest wait expired,3,,45.54,,,/root/binance_bot_signals/review_workspace/2026-03-26/cases/FARTCOINUSDT-SHORT-EXH-1774490400000/pre_pending.png,/root/binance_bot_signals/review_workspace/2026-03-26/cases/FARTCOINUSDT-SHORT-EXH-1774490400000/pending_open.png,/root/binance_bot_signals/review_workspace/2026-03-26/cases/FARTCOINUSDT-SHORT-EXH-1774490400000/entry_or_confirm.png,/root/binance_bot_signals/review_workspace/2026-03-26/cases/FARTCOINUSDT-SHORT-EXH-1774490400000/case_close.png,Y,Y,Y,Y,Y,UNREVIEWED,UNREVIEWED,UNREVIEWED,UNREVIEWED,UNSET,
WLFIUSDT-SHORT-EXH-1774490400000,2026-03-26,WLFIUSDT,SHORT,short_exhaustion_retest,WLFIUSDT-SHORT-EXH-1774490400000,,1774490400000,1774491360708,0,0,1774492298581,1774505760708,2026-03-26 09:00:00,2026-03-26 09:16:00,,,2026-03-26 09:31:38,2026-03-26 13:16:00,0.1016,0.1018,,,,,CONFIRMED,signal confirmed,1,,15.63,,,/root/binance_bot_signals/review_workspace/2026-03-26/cases/WLFIUSDT-SHORT-EXH-1774490400000/pre_pending.png,/root/binance_bot_signals/review_workspace/2026-03-26/cases/WLFIUSDT-SHORT-EXH-1774490400000/pending_open.png,/root/binance_bot_signals/review_workspace/2026-03-26/cases/WLFIUSDT-SHORT-EXH-1774490400000/entry_or_confirm.png,/root/binance_bot_signals/review_workspace/2026-03-26/cases/WLFIUSDT-SHORT-EXH-1774490400000/case_close.png,Y,Y,Y,Y,Y,UNREVIEWED,UNREVIEWED,UNREVIEWED,UNREVIEWED,UNSET,
SOLUSDT-SHORT-EXH-1774491300000,2026-03-26,SOLUSDT,SHORT,short_exhaustion_retest,SOLUSDT-SHORT-EXH-1774491300000,,1774491300000,1774492302303,0,0,1774495053731,1774506702303,2026-03-26 09:15:00,2026-03-26 09:31:42,,,2026-03-26 10:17:33,2026-03-26 13:31:42,91.17,91.38,,,,,EXPIRED_WAIT,retest wait expired,3,,45.86,,,/root/binance_bot_signals/review_workspace/2026-03-26/cases/SOLUSDT-SHORT-EXH-1774491300000/pre_pending.png,/root/binance_bot_signals/review_workspace/2026-03-26/cases/SOLUSDT-SHORT-EXH-1774491300000/pending_open.png,/root/binance_bot_signals/review_workspace/2026-03-26/cases/SOLUSDT-SHORT-EXH-1774491300000/entry_or_confirm.png,/root/binance_bot_signals/review_workspace/2026-03-26/cases/SOLUSDT-SHORT-EXH-1774491300000/case_close.png,Y,Y,Y,Y,Y,UNREVIEWED,UNREVIEWED,UNREVIEWED,UNREVIEWED,UNSET,
LINKUSDT-SHORT-EXH-1774491300000,2026-03-26,LINKUSDT,SHORT,short_exhaustion_retest,LINKUSDT-SHORT-EXH-1774491300000,,1774491300000,1774492314103,0,0,1774495053862,1774506714103,2026-03-26 09:15:00,2026-03-26 09:31:54,,,2026-03-26 10:17:33,2026-03-26 13:31:54,9.287,9.32,,,,,EXPIRED_WAIT,retest wait expired,3,,45.66,,,/root/binance_bot_signals/review_workspace/2026-03-26/cases/LINKUSDT-SHORT-EXH-1774491300000/pre_pending.png,/root/binance_bot_signals/review_workspace/2026-03-26/cases/LINKUSDT-SHORT-EXH-1774491300000/pending_open.png,/root/binance_bot_signals/review_workspace/2026-03-26/cases/LINKUSDT-SHORT-EXH-1774491300000/entry_or_confirm.png,/root/binance_bot_signals/review_workspace/2026-03-26/cases/LINKUSDT-SHORT-EXH-1774491300000/case_close.png,Y,Y,Y,Y,Y,UNREVIEWED,UNREVIEWED,UNREVIEWED,UNREVIEWED,UNSET,
VVVUSDT-SHORT-EXH-1774491300000,2026-03-26,VVVUSDT,SHORT,short_exhaustion_retest,VVVUSDT-SHORT-EXH-1774491300000,,1774491300000,1774492318194,0,0,1774494084819,1774506718194,2026-03-26 09:15:00,2026-03-26 09:31:58,,,2026-03-26 10:01:24,2026-03-26 13:31:58,6.427,6.445,,,,,INVALIDATED,retest invalidated,2,,29.44,,,/root/binance_bot_signals/review_workspace/2026-03-26/cases/VVVUSDT-SHORT-EXH-1774491300000/pre_pending.png,/root/binance_bot_signals/review_workspace/2026-03-26/cases/VVVUSDT-SHORT-EXH-1774491300000/pending_open.png,/root/binance_bot_signals/review_workspace/2026-03-26/cases/VVVUSDT-SHORT-EXH-1774491300000/entry_or_confirm.png,/root/binance_bot_signals/review_workspace/2026-03-26/cases/VVVUSDT-SHORT-EXH-1774491300000/case_close.png,Y,Y,Y,Y,Y,UNREVIEWED,UNREVIEWED,UNREVIEWED,UNREVIEWED,UNSET,
1000BONKUSDT-SHORT-EXH-1774491300000,2026-03-26,1000BONKUSDT,SHORT,short_exhaustion_retest,1000BONKUSDT-SHORT-EXH-1774491300000,,1774491300000,1774492331154,0,0,1774494085178,1774506731154,2026-03-26 09:15:00,2026-03-26 09:32:11,,,2026-03-26 10:01:25,2026-03-26 13:32:11,0.006143,0.006156,,,,,CONFIRMED,signal confirmed,2,,29.23,,,/root/binance_bot_signals/review_workspace/2026-03-26/cases/1000BONKUSDT-SHORT-EXH-1774491300000/pre_pending.png,/root/binance_bot_signals/review_workspace/2026-03-26/cases/1000BONKUSDT-SHORT-EXH-1774491300000/pending_open.png,/root/binance_bot_signals/review_workspace/2026-03-26/cases/1000BONKUSDT-SHORT-EXH-1774491300000/entry_or_confirm.png,/root/binance_bot_signals/review_workspace/2026-03-26/cases/1000BONKUSDT-SHORT-EXH-1774491300000/case_close.png,Y,Y,Y,Y,Y,UNREVIEWED,UNREVIEWED,UNREVIEWED,UNREVIEWED,UNSET,
GALAUSDT-SHORT-EXH-1774491300000,2026-03-26,GALAUSDT,SHORT,short_exhaustion_retest,GALAUSDT-SHORT-EXH-1774491300000,,1774491300000,1774492341581,0,0,1774495053978,1774506741581,2026-03-26 09:15:00,2026-03-26 09:32:21,,,2026-03-26 10:17:33,2026-03-26 13:32:21,0.00309,0.00312,,,,,EXPIRED_WAIT,retest wait expired,3,,45.21,,,/root/binance_bot_signals/review_workspace/2026-03-26/cases/GALAUSDT-SHORT-EXH-1774491300000/pre_pending.png,/root/binance_bot_signals/review_workspace/2026-03-26/cases/GALAUSDT-SHORT-EXH-1774491300000/pending_open.png,/root/binance_bot_signals/review_workspace/2026-03-26/cases/GALAUSDT-SHORT-EXH-1774491300000/entry_or_confirm.png,/root/binance_bot_signals/review_workspace/2026-03-26/cases/GALAUSDT-SHORT-EXH-1774491300000/case_close.png,Y,Y,Y,Y,Y,UNREVIEWED,UNREVIEWED,UNREVIEWED,UNREVIEWED,UNSET,
HYPEUSDT-SHORT-EXH-1774492200000,2026-03-26,HYPEUSDT,SHORT,short_exhaustion_retest,HYPEUSDT-SHORT-EXH-1774492200000,,1774492200000,1774493121165,0,0,1774495856779,1774507521165,2026-03-26 09:30:00,2026-03-26 09:45:21,,,2026-03-26 10:30:56,2026-03-26 13:45:21,39.638,39.83,,,,,EXPIRED_WAIT,retest wait expired,3,,45.59,,,/root/binance_bot_signals/review_workspace/2026-03-26/cases/HYPEUSDT-SHORT-EXH-1774492200000/pre_pending.png,/root/binance_bot_signals/review_workspace/2026-03-26/cases/HYPEUSDT-SHORT-EXH-1774492200000/pending_open.png,/root/binance_bot_signals/review_workspace/2026-03-26/cases/HYPEUSDT-SHORT-EXH-1774492200000/entry_or_confirm.png,/root/binance_bot_signals/review_workspace/2026-03-26/cases/HYPEUSDT-SHORT-EXH-1774492200000/case_close.png,Y,Y,Y,Y,Y,UNREVIEWED,UNREVIEWED,UNREVIEWED,UNREVIEWED,UNSET,
DOTUSDT-SHORT-EXH-1774492200000,2026-03-26,DOTUSDT,SHORT,short_exhaustion_retest,DOTUSDT-SHORT-EXH-1774492200000,,1774492200000,1774493128282,0,0,1774494085464,1774507528282,2026-03-26 09:30:00,2026-03-26 09:45:28,,,2026-03-26 10:01:25,2026-03-26 13:45:28,1.343,1.348,,,,,INVALIDATED,retest invalidated,1,,15.95,,,/root/binance_bot_signals/review_workspace/2026-03-26/cases/DOTUSDT-SHORT-EXH-1774492200000/pre_pending.png,/root/binance_bot_signals/review_workspace/2026-03-26/cases/DOTUSDT-SHORT-EXH-1774492200000/pending_open.png,/root/binance_bot_signals/review_workspace/2026-03-26/cases/DOTUSDT-SHORT-EXH-1774492200000/entry_or_confirm.png,/root/binance_bot_signals/review_workspace/2026-03-26/cases/DOTUSDT-SHORT-EXH-1774492200000/case_close.png,Y,Y,Y,Y,Y,UNREVIEWED,UNREVIEWED,UNREVIEWED,UNREVIEWED,UNSET,
PUMPUSDT-SHORT-EXH-1774492200000,2026-03-26,PUMPUSDT,SHORT,short_exhaustion_retest,PUMPUSDT-SHORT-EXH-1774492200000,,1774492200000,1774493134429,0,0,1774494085598,1774507534429,2026-03-26 09:30:00,2026-03-26 09:45:34,,,2026-03-26 10:01:25,2026-03-26 13:45:34,0.001878,0.001883,,,,,INVALIDATED,retest invalidated,1,,15.85,,,/root/binance_bot_signals/review_workspace/2026-03-26/cases/PUMPUSDT-SHORT-EXH-1774492200000/pre_pending.png,/root/binance_bot_signals/review_workspace/2026-03-26/cases/PUMPUSDT-SHORT-EXH-1774492200000/pending_open.png,/root/binance_bot_signals/review_workspace/2026-03-26/cases/PUMPUSDT-SHORT-EXH-1774492200000/entry_or_confirm.png,/root/binance_bot_signals/review_workspace/2026-03-26/cases/PUMPUSDT-SHORT-EXH-1774492200000/case_close.png,Y,Y,Y,Y,Y,UNREVIEWED,UNREVIEWED,UNREVIEWED,UNREVIEWED,UNSET,
UNIUSDT-SHORT-EXH-1774492200000,2026-03-26,UNIUSDT,SHORT,short_exhaustion_retest,UNIUSDT-SHORT-EXH-1774492200000,,1774492200000,1774493140849,0,0,1774494085722,1774507540849,2026-03-26 09:30:00,2026-03-26 09:45:40,,,2026-03-26 10:01:25,2026-03-26 13:45:40,3.666,3.678,,,,,INVALIDATED,retest invalidated,1,,15.75,,,/root/binance_bot_signals/review_workspace/2026-03-26/cases/UNIUSDT-SHORT-EXH-1774492200000/pre_pending.png,/root/binance_bot_signals/review_workspace/2026-03-26/cases/UNIUSDT-SHORT-EXH-1774492200000/pending_open.png,/root/binance_bot_signals/review_workspace/2026-03-26/cases/UNIUSDT-SHORT-EXH-1774492200000/entry_or_confirm.png,/root/binance_bot_signals/review_workspace/2026-03-26/cases/UNIUSDT-SHORT-EXH-1774492200000/case_close.png,Y,Y,Y,Y,Y,UNREVIEWED,UNREVIEWED,UNREVIEWED,UNREVIEWED,UNSET,
XPLUSDT-SHORT-EXH-1774494000000,2026-03-26,XPLUSDT,SHORT,short_exhaustion_retest,XPLUSDT-SHORT-EXH-1774494000000,,1774494000000,1774494922070,0,0,1774497645726,1774509322070,2026-03-26 10:00:00,2026-03-26 10:15:22,,,2026-03-26 11:00:45,2026-03-26 14:15:22,0.0995,0.0998,,,,,EXPIRED_WAIT,retest wait expired,3,,45.39,,,/root/binance_bot_signals/review_workspace/2026-03-26/cases/XPLUSDT-SHORT-EXH-1774494000000/pre_pending.png,/root/binance_bot_signals/review_workspace/2026-03-26/cases/XPLUSDT-SHORT-EXH-1774494000000/pending_open.png,/root/binance_bot_signals/review_workspace/2026-03-26/cases/XPLUSDT-SHORT-EXH-1774494000000/entry_or_confirm.png,/root/binance_bot_signals/review_workspace/2026-03-26/cases/XPLUSDT-SHORT-EXH-1774494000000/case_close.png,Y,Y,Y,Y,Y,UNREVIEWED,UNREVIEWED,UNREVIEWED,UNREVIEWED,UNSET,
ESPORTSUSDT-LONG-1774494600000,2026-03-26,ESPORTSUSDT,LONG,long_breakout_retest,ESPORTSUSDT-LONG-1774494600000,,1774494600000,1774495093395,0,0,1774495215497,1774509493395,2026-03-26 10:10:00,2026-03-26 10:18:13,,,2026-03-26 10:20:15,2026-03-26 14:18:13,0.34764,0.34675,,,,,INVALIDATED,retest invalidated,1,,2.04,,,/root/binance_bot_signals/review_workspace/2026-03-26/cases/ESPORTSUSDT-LONG-1774494600000/pre_pending.png,/root/binance_bot_signals/review_workspace/2026-03-26/cases/ESPORTSUSDT-LONG-1774494600000/pending_open.png,/root/binance_bot_signals/review_workspace/2026-03-26/cases/ESPORTSUSDT-LONG-1774494600000/entry_or_confirm.png,/root/binance_bot_signals/review_workspace/2026-03-26/cases/ESPORTSUSDT-LONG-1774494600000/case_close.png,Y,Y,Y,Y,Y,UNREVIEWED,UNREVIEWED,UNREVIEWED,UNREVIEWED,UNSET,
DOGEUSDT-SHORT-EXH-1774494900000,2026-03-26,DOGEUSDT,SHORT,short_exhaustion_retest,DOGEUSDT-SHORT-EXH-1774494900000,,1774494900000,1774495860368,0,0,1774497645836,1774510260368,2026-03-26 10:15:00,2026-03-26 10:31:00,,,2026-03-26 11:00:45,2026-03-26 14:31:00,0.09425,0.09448,,,,,INVALIDATED,retest invalidated,2,,29.76,,,/root/binance_bot_signals/review_workspace/2026-03-26/cases/DOGEUSDT-SHORT-EXH-1774494900000/pre_pending.png,/root/binance_bot_signals/review_workspace/2026-03-26/cases/DOGEUSDT-SHORT-EXH-1774494900000/pending_open.png,/root/binance_bot_signals/review_workspace/2026-03-26/cases/DOGEUSDT-SHORT-EXH-1774494900000/entry_or_confirm.png,/root/binance_bot_signals/review_workspace/2026-03-26/cases/DOGEUSDT-SHORT-EXH-1774494900000/case_close.png,Y,Y,Y,Y,Y,UNREVIEWED,UNREVIEWED,UNREVIEWED,UNREVIEWED,UNSET,
ADAUSDT-SHORT-EXH-1774494900000,2026-03-26,ADAUSDT,SHORT,short_exhaustion_retest,ADAUSDT-SHORT-EXH-1774494900000,,1774494900000,1774495867563,0,0,1774496837069,1774510267563,2026-03-26 10:15:00,2026-03-26 10:31:07,,,2026-03-26 10:47:17,2026-03-26 14:31:07,0.2659,0.2664,,,,,CONFIRMED,signal confirmed,1,,16.16,,,/root/binance_bot_signals/review_workspace/2026-03-26/cases/ADAUSDT-SHORT-EXH-1774494900000/pre_pending.png,/root/binance_bot_signals/review_workspace/2026-03-26/cases/ADAUSDT-SHORT-EXH-1774494900000/pending_open.png,/root/binance_bot_signals/review_workspace/2026-03-26/cases/ADAUSDT-SHORT-EXH-1774494900000/entry_or_confirm.png,/root/binance_bot_signals/review_workspace/2026-03-26/cases/ADAUSDT-SHORT-EXH-1774494900000/case_close.png,Y,Y,Y,Y,Y,UNREVIEWED,UNREVIEWED,UNREVIEWED,UNREVIEWED,UNSET,
WLDUSDT-SHORT-EXH-1774494900000,2026-03-26,WLDUSDT,SHORT,short_exhaustion_retest,WLDUSDT-SHORT-EXH-1774494900000,,1774494900000,1774495875491,0,0,1774497646182,1774510275491,2026-03-26 10:15:00,2026-03-26 10:31:15,,,2026-03-26 11:00:46,2026-03-26 14:31:15,0.3147,0.3161,,,,,CONFIRMED,signal confirmed,2,,29.51,,,/root/binance_bot_signals/review_workspace/2026-03-26/cases/WLDUSDT-SHORT-EXH-1774494900000/pre_pending.png,/root/binance_bot_signals/review_workspace/2026-03-26/cases/WLDUSDT-SHORT-EXH-1774494900000/pending_open.png,/root/binance_bot_signals/review_workspace/2026-03-26/cases/WLDUSDT-SHORT-EXH-1774494900000/entry_or_confirm.png,/root/binance_bot_signals/review_workspace/2026-03-26/cases/WLDUSDT-SHORT-EXH-1774494900000/case_close.png,Y,Y,Y,Y,Y,UNREVIEWED,UNREVIEWED,UNREVIEWED,UNREVIEWED,UNSET,
ASTERUSDT-SHORT-EXH-1774494900000,2026-03-26,ASTERUSDT,SHORT,short_exhaustion_retest,ASTERUSDT-SHORT-EXH-1774494900000,,1774494900000,1774495878319,0,0,1774497646289,1774510278319,2026-03-26 10:15:00,2026-03-26 10:31:18,,,2026-03-26 11:00:46,2026-03-26 14:31:18,0.6598,0.6619,,,,,INVALIDATED,retest invalidated,2,,29.47,,,/root/binance_bot_signals/review_workspace/2026-03-26/cases/ASTERUSDT-SHORT-EXH-1774494900000/pre_pending.png,/root/binance_bot_signals/review_workspace/2026-03-26/cases/ASTERUSDT-SHORT-EXH-1774494900000/pending_open.png,/root/binance_bot_signals/review_workspace/2026-03-26/cases/ASTERUSDT-SHORT-EXH-1774494900000/entry_or_confirm.png,/root/binance_bot_signals/review_workspace/2026-03-26/cases/ASTERUSDT-SHORT-EXH-1774494900000/case_close.png,Y,Y,Y,Y,Y,UNREVIEWED,UNREVIEWED,UNREVIEWED,UNREVIEWED,UNSET,
CFGUSDT-SHORT-EXH-1774494900000,2026-03-26,CFGUSDT,SHORT,short_exhaustion_retest,CFGUSDT-SHORT-EXH-1774494900000,,1774494900000,1774495883997,0,0,1774496837585,1774510283997,2026-03-26 10:15:00,2026-03-26 10:31:23,,,2026-03-26 10:47:17,2026-03-26 14:31:23,0.1369,0.1383,,,,,CONFIRMED,signal confirmed,1,,15.89,,,/root/binance_bot_signals/review_workspace/2026-03-26/cases/CFGUSDT-SHORT-EXH-1774494900000/pre_pending.png,/root/binance_bot_signals/review_workspace/2026-03-26/cases/CFGUSDT-SHORT-EXH-1774494900000/pending_open.png,/root/binance_bot_signals/review_workspace/2026-03-26/cases/CFGUSDT-SHORT-EXH-1774494900000/entry_or_confirm.png,/root/binance_bot_signals/review_workspace/2026-03-26/cases/CFGUSDT-SHORT-EXH-1774494900000/case_close.png,Y,Y,Y,Y,Y,UNREVIEWED,UNREVIEWED,UNREVIEWED,UNREVIEWED,UNSET,
PENGUUSDT-SHORT-EXH-1774494900000,2026-03-26,PENGUUSDT,SHORT,short_exhaustion_retest,PENGUUSDT-SHORT-EXH-1774494900000,,1774494900000,1774495887262,0,0,1774496837940,1774510287262,2026-03-26 10:15:00,2026-03-26 10:31:27,,,2026-03-26 10:47:17,2026-03-26 14:31:27,0.007161,0.007189,,,,,CONFIRMED,signal confirmed,1,,15.84,,,/root/binance_bot_signals/review_workspace/2026-03-26/cases/PENGUUSDT-SHORT-EXH-1774494900000/pre_pending.png,/root/binance_bot_signals/review_workspace/2026-03-26/cases/PENGUUSDT-SHORT-EXH-1774494900000/pending_open.png,/root/binance_bot_signals/review_workspace/2026-03-26/cases/PENGUUSDT-SHORT-EXH-1774494900000/entry_or_confirm.png,/root/binance_bot_signals/review_workspace/2026-03-26/cases/PENGUUSDT-SHORT-EXH-1774494900000/case_close.png,Y,Y,Y,Y,Y,UNREVIEWED,UNREVIEWED,UNREVIEWED,UNREVIEWED,UNSET,
1000SHIBUSDT-SHORT-EXH-1774494900000,2026-03-26,1000SHIBUSDT,SHORT,short_exhaustion_retest,1000SHIBUSDT-SHORT-EXH-1774494900000,,1774494900000,1774495892361,0,0,1774497646392,1774510292361,2026-03-26 10:15:00,2026-03-26 10:31:32,,,2026-03-26 11:00:46,2026-03-26 14:31:32,0.006032,0.006048,,,,,INVALIDATED,retest invalidated,2,,29.23,,,/root/binance_bot_signals/review_workspace/2026-03-26/cases/1000SHIBUSDT-SHORT-EXH-1774494900000/pre_pending.png,/root/binance_bot_signals/review_workspace/2026-03-26/cases/1000SHIBUSDT-SHORT-EXH-1774494900000/pending_open.png,/root/binance_bot_signals/review_workspace/2026-03-26/cases/1000SHIBUSDT-SHORT-EXH-1774494900000/entry_or_confirm.png,/root/binance_bot_signals/review_workspace/2026-03-26/cases/1000SHIBUSDT-SHORT-EXH-1774494900000/case_close.png,Y,Y,Y,Y,Y,UNREVIEWED,UNREVIEWED,UNREVIEWED,UNREVIEWED,UNSET,
ARBUSDT-SHORT-EXH-1774494900000,2026-03-26,ARBUSDT,SHORT,short_exhaustion_retest,ARBUSDT-SHORT-EXH-1774494900000,,1774494900000,1774495894591,0,0,1774496838377,1774510294591,2026-03-26 10:15:00,2026-03-26 10:31:34,,,2026-03-26 10:47:18,2026-03-26 14:31:34,0.0971,0.0974,,,,,CONFIRMED,signal confirmed,1,,15.73,,,/root/binance_bot_signals/review_workspace/2026-03-26/cases/ARBUSDT-SHORT-EXH-1774494900000/pre_pending.png,/root/binance_bot_signals/review_workspace/2026-03-26/cases/ARBUSDT-SHORT-EXH-1774494900000/pending_open.png,/root/binance_bot_signals/review_workspace/2026-03-26/cases/ARBUSDT-SHORT-EXH-1774494900000/entry_or_confirm.png,/root/binance_bot_signals/review_workspace/2026-03-26/cases/ARBUSDT-SHORT-EXH-1774494900000/case_close.png,Y,Y,Y,Y,Y,UNREVIEWED,UNREVIEWED,UNREVIEWED,UNREVIEWED,UNSET,
WLFIUSDT-SHORT-EXH-1774494900000,2026-03-26,WLFIUSDT,SHORT,short_exhaustion_retest,WLFIUSDT-SHORT-EXH-1774494900000,,1774494900000,1774495895852,0,0,1774496839136,1774510295852,2026-03-26 10:15:00,2026-03-26 10:31:35,,,2026-03-26 10:47:19,2026-03-26 14:31:35,0.1003,0.1007,,,,,CONFIRMED,signal confirmed,1,,15.72,,,/root/binance_bot_signals/review_workspace/2026-03-26/cases/WLFIUSDT-SHORT-EXH-1774494900000/pre_pending.png,/root/binance_bot_signals/review_workspace/2026-03-26/cases/WLFIUSDT-SHORT-EXH-1774494900000/pending_open.png,/root/binance_bot_signals/review_workspace/2026-03-26/cases/WLFIUSDT-SHORT-EXH-1774494900000/entry_or_confirm.png,/root/binance_bot_signals/review_workspace/2026-03-26/cases/WLFIUSDT-SHORT-EXH-1774494900000/case_close.png,Y,Y,Y,Y,Y,UNREVIEWED,UNREVIEWED,UNREVIEWED,UNREVIEWED,UNSET,
OPUSDT-SHORT-EXH-1774494900000,2026-03-26,OPUSDT,SHORT,short_exhaustion_retest,OPUSDT-SHORT-EXH-1774494900000,,1774494900000,1774496064721,0,0,1774496839613,1774510464721,2026-03-26 10:15:00,2026-03-26 10:34:24,,,2026-03-26 10:47:19,2026-03-26 14:34:24,0.1114,0.112,,,,,CONFIRMED,signal confirmed,1,,12.91,,,/root/binance_bot_signals/review_workspace/2026-03-26/cases/OPUSDT-SHORT-EXH-1774494900000/pre_pending.png,/root/binance_bot_signals/review_workspace/2026-03-26/cases/OPUSDT-SHORT-EXH-1774494900000/pending_open.png,/root/binance_bot_signals/review_workspace/2026-03-26/cases/OPUSDT-SHORT-EXH-1774494900000/entry_or_confirm.png,/root/binance_bot_signals/review_workspace/2026-03-26/cases/OPUSDT-SHORT-EXH-1774494900000/case_close.png,Y,Y,Y,Y,Y,UNREVIEWED,UNREVIEWED,UNREVIEWED,UNREVIEWED,UNSET,
ESPORTSUSDT-LONG-1774496100000,2026-03-26,ESPORTSUSDT,LONG,long_breakout_retest,ESPORTSUSDT-LONG-1774496100000,,1774496100000,1774496547237,0,0,1774497324290,1774510947237,2026-03-26 10:35:00,2026-03-26 10:42:27,,,2026-03-26 10:55:24,2026-03-26 14:42:27,0.3526,0.352,,,,,INVALIDATED,retest invalidated,3,,12.95,,,/root/binance_bot_signals/review_workspace/2026-03-26/cases/ESPORTSUSDT-LONG-1774496100000/pre_pending.png,/root/binance_bot_signals/review_workspace/2026-03-26/cases/ESPORTSUSDT-LONG-1774496100000/pending_open.png,/root/binance_bot_signals/review_workspace/2026-03-26/cases/ESPORTSUSDT-LONG-1774496100000/entry_or_confirm.png,/root/binance_bot_signals/review_workspace/2026-03-26/cases/ESPORTSUSDT-LONG-1774496100000/case_close.png,Y,Y,Y,Y,Y,UNREVIEWED,UNREVIEWED,UNREVIEWED,UNREVIEWED,UNSET,
COSUSDT-LONG-1774496100000,2026-03-26,COSUSDT,LONG,long_breakout_retest,COSUSDT-LONG-1774496100000,,1774496100000,1774496549424,0,0,1774496839924,1774510949424,2026-03-26 10:35:00,2026-03-26 10:42:29,,,2026-03-26 10:47:19,2026-03-26 14:42:29,0.001664,0.001645,,,,,INVALIDATED,retest invalidated,1,,4.84,,,/root/binance_bot_signals/review_workspace/2026-03-26/cases/COSUSDT-LONG-1774496100000/pre_pending.png,/root/binance_bot_signals/review_workspace/2026-03-26/cases/COSUSDT-LONG-1774496100000/pending_open.png,/root/binance_bot_signals/review_workspace/2026-03-26/cases/COSUSDT-LONG-1774496100000/entry_or_confirm.png,/root/binance_bot_signals/review_workspace/2026-03-26/cases/COSUSDT-LONG-1774496100000/case_close.png,Y,Y,Y,Y,Y,UNREVIEWED,UNREVIEWED,UNREVIEWED,UNREVIEWED,UNSET,
NEARUSDT-SHORT-EXH-1774497600000,2026-03-26,NEARUSDT,SHORT,short_exhaustion_retest,NEARUSDT-SHORT-EXH-1774497600000,,1774497600000,1774498622947,0,0,1774499417917,1774513022947,2026-03-26 11:00:00,2026-03-26 11:17:02,,,2026-03-26 11:30:17,2026-03-26 15:17:02,1.249,1.252,,,,,INVALIDATED,retest invalidated,1,,13.25,,,/root/binance_bot_signals/review_workspace/2026-03-26/cases/NEARUSDT-SHORT-EXH-1774497600000/pre_pending.png,/root/binance_bot_signals/review_workspace/2026-03-26/cases/NEARUSDT-SHORT-EXH-1774497600000/pending_open.png,/root/binance_bot_signals/review_workspace/2026-03-26/cases/NEARUSDT-SHORT-EXH-1774497600000/entry_or_confirm.png,/root/binance_bot_signals/review_workspace/2026-03-26/cases/NEARUSDT-SHORT-EXH-1774497600000/case_close.png,Y,Y,Y,Y,Y,UNREVIEWED,UNREVIEWED,UNREVIEWED,UNREVIEWED,UNSET,
SOLUSDT-SHORT-EXH-1774501200000,2026-03-26,SOLUSDT,SHORT,short_exhaustion_retest,SOLUSDT-SHORT-EXH-1774501200000,,1774501200000,1774502162853,0,0,1774504941875,1774516562853,2026-03-26 12:00:00,2026-03-26 12:16:02,,,2026-03-26 13:02:21,2026-03-26 16:16:02,89.93,90.53,,,,,EXPIRED_WAIT,retest wait expired,3,,46.32,,,/root/binance_bot_signals/review_workspace/2026-03-26/cases/SOLUSDT-SHORT-EXH-1774501200000/pre_pending.png,/root/binance_bot_signals/review_workspace/2026-03-26/cases/SOLUSDT-SHORT-EXH-1774501200000/pending_open.png,/root/binance_bot_signals/review_workspace/2026-03-26/cases/SOLUSDT-SHORT-EXH-1774501200000/entry_or_confirm.png,/root/binance_bot_signals/review_workspace/2026-03-26/cases/SOLUSDT-SHORT-EXH-1774501200000/case_close.png,Y,Y,Y,Y,Y,UNREVIEWED,UNREVIEWED,UNREVIEWED,UNREVIEWED,UNSET,
DOGEUSDT-SHORT-EXH-1774501200000,2026-03-26,DOGEUSDT,SHORT,short_exhaustion_retest,DOGEUSDT-SHORT-EXH-1774501200000,,1774501200000,1774502166245,0,0,1774503143460,1774516566245,2026-03-26 12:00:00,2026-03-26 12:16:06,,,2026-03-26 12:32:23,2026-03-26 16:16:06,0.09381,0.09406,,,,,CONFIRMED,signal confirmed,1,,16.29,,,/root/binance_bot_signals/review_workspace/2026-03-26/cases/DOGEUSDT-SHORT-EXH-1774501200000/pre_pending.png,/root/binance_bot_signals/review_workspace/2026-03-26/cases/DOGEUSDT-SHORT-EXH-1774501200000/pending_open.png,/root/binance_bot_signals/review_workspace/2026-03-26/cases/DOGEUSDT-SHORT-EXH-1774501200000/entry_or_confirm.png,/root/binance_bot_signals/review_workspace/2026-03-26/cases/DOGEUSDT-SHORT-EXH-1774501200000/case_close.png,Y,Y,Y,Y,Y,UNREVIEWED,UNREVIEWED,UNREVIEWED,UNREVIEWED,UNSET,
BNBUSDT-SHORT-EXH-1774501200000,2026-03-26,BNBUSDT,SHORT,short_exhaustion_retest,BNBUSDT-SHORT-EXH-1774501200000,,1774501200000,1774502169545,0,0,1774504942015,1774516569545,2026-03-26 12:00:00,2026-03-26 12:16:09,,,2026-03-26 13:02:22,2026-03-26 16:16:09,639.79,641.28,,,,,EXPIRED_WAIT,retest wait expired,3,,46.21,,,/root/binance_bot_signals/review_workspace/2026-03-26/cases/BNBUSDT-SHORT-EXH-1774501200000/pre_pending.png,/root/binance_bot_signals/review_workspace/2026-03-26/cases/BNBUSDT-SHORT-EXH-1774501200000/pending_open.png,/root/binance_bot_signals/review_workspace/2026-03-26/cases/BNBUSDT-SHORT-EXH-1774501200000/entry_or_confirm.png,/root/binance_bot_signals/review_workspace/2026-03-26/cases/BNBUSDT-SHORT-EXH-1774501200000/case_close.png,Y,Y,Y,Y,Y,UNREVIEWED,UNREVIEWED,UNREVIEWED,UNREVIEWED,UNSET,
AVAXUSDT-SHORT-EXH-1774501200000,2026-03-26,AVAXUSDT,SHORT,short_exhaustion_retest,AVAXUSDT-SHORT-EXH-1774501200000,,1774501200000,1774502178679,0,0,1774503143898,1774516578679,2026-03-26 12:00:00,2026-03-26 12:16:18,,,2026-03-26 12:32:23,2026-03-26 16:16:18,9.506,9.524,,,,,CONFIRMED,signal confirmed,1,,16.09,,,/root/binance_bot_signals/review_workspace/2026-03-26/cases/AVAXUSDT-SHORT-EXH-1774501200000/pre_pending.png,/root/binance_bot_signals/review_workspace/2026-03-26/cases/AVAXUSDT-SHORT-EXH-1774501200000/pending_open.png,/root/binance_bot_signals/review_workspace/2026-03-26/cases/AVAXUSDT-SHORT-EXH-1774501200000/entry_or_confirm.png,/root/binance_bot_signals/review_workspace/2026-03-26/cases/AVAXUSDT-SHORT-EXH-1774501200000/case_close.png,Y,Y,Y,Y,Y,UNREVIEWED,UNREVIEWED,UNREVIEWED,UNREVIEWED,UNSET,
PUMPUSDT-SHORT-EXH-1774501200000,2026-03-26,PUMPUSDT,SHORT,short_exhaustion_retest,PUMPUSDT-SHORT-EXH-1774501200000,,1774501200000,1774502182549,0,0,1774504942142,1774516582549,2026-03-26 12:00:00,2026-03-26 12:16:22,,,2026-03-26 13:02:22,2026-03-26 16:16:22,0.001842,0.001858,,,,,EXPIRED_WAIT,retest wait expired,3,,45.99,,,/root/binance_bot_signals/review_workspace/2026-03-26/cases/PUMPUSDT-SHORT-EXH-1774501200000/pre_pending.png,/root/binance_bot_signals/review_workspace/2026-03-26/cases/PUMPUSDT-SHORT-EXH-1774501200000/pending_open.png,/root/binance_bot_signals/review_workspace/2026-03-26/cases/PUMPUSDT-SHORT-EXH-1774501200000/entry_or_confirm.png,/root/binance_bot_signals/review_workspace/2026-03-26/cases/PUMPUSDT-SHORT-EXH-1774501200000/case_close.png,Y,Y,Y,Y,Y,UNREVIEWED,UNREVIEWED,UNREVIEWED,UNREVIEWED,UNSET,
UNIUSDT-SHORT-EXH-1774501200000,2026-03-26,UNIUSDT,SHORT,short_exhaustion_retest,UNIUSDT-SHORT-EXH-1774501200000,,1774501200000,1774502189112,0,0,1774503954963,1774516589112,2026-03-26 12:00:00,2026-03-26 12:16:29,,,2026-03-26 12:45:54,2026-03-26 16:16:29,3.64,3.652,,,,,CONFIRMED,signal confirmed,2,,29.43,,,/root/binance_bot_signals/review_workspace/2026-03-26/cases/UNIUSDT-SHORT-EXH-1774501200000/pre_pending.png,/root/binance_bot_signals/review_workspace/2026-03-26/cases/UNIUSDT-SHORT-EXH-1774501200000/pending_open.png,/root/binance_bot_signals/review_workspace/2026-03-26/cases/UNIUSDT-SHORT-EXH-1774501200000/entry_or_confirm.png,/root/binance_bot_signals/review_workspace/2026-03-26/cases/UNIUSDT-SHORT-EXH-1774501200000/case_close.png,Y,Y,Y,Y,Y,UNREVIEWED,UNREVIEWED,UNREVIEWED,UNREVIEWED,UNSET,
HBARUSDT-SHORT-EXH-1774501200000,2026-03-26,HBARUSDT,SHORT,short_exhaustion_retest,HBARUSDT-SHORT-EXH-1774501200000,,1774501200000,1774502206841,0,0,1774503144426,1774516606841,2026-03-26 12:00:00,2026-03-26 12:16:46,,,2026-03-26 12:32:24,2026-03-26 16:16:46,0.09287,0.09318,,,,,CONFIRMED,signal confirmed,1,,15.63,,,/root/binance_bot_signals/review_workspace/2026-03-26/cases/HBARUSDT-SHORT-EXH-1774501200000/pre_pending.png,/root/binance_bot_signals/review_workspace/2026-03-26/cases/HBARUSDT-SHORT-EXH-1774501200000/pending_open.png,/root/binance_bot_signals/review_workspace/2026-03-26/cases/HBARUSDT-SHORT-EXH-1774501200000/entry_or_confirm.png,/root/binance_bot_signals/review_workspace/2026-03-26/cases/HBARUSDT-SHORT-EXH-1774501200000/case_close.png,Y,Y,Y,Y,Y,UNREVIEWED,UNREVIEWED,UNREVIEWED,UNREVIEWED,UNSET,
PAXGUSDT-SHORT-EXH-1774502100000,2026-03-26,PAXGUSDT,SHORT,short_exhaustion_retest,PAXGUSDT-SHORT-EXH-1774502100000,,1774502100000,1774503153904,0,0,1774503955336,1774517553904,2026-03-26 12:15:00,2026-03-26 12:32:33,,,2026-03-26 12:45:55,2026-03-26 16:32:33,4493.15,4500.44,,,,,CONFIRMED,signal confirmed,1,,13.36,,,/root/binance_bot_signals/review_workspace/2026-03-26/cases/PAXGUSDT-SHORT-EXH-1774502100000/pre_pending.png,/root/binance_bot_signals/review_workspace/2026-03-26/cases/PAXGUSDT-SHORT-EXH-1774502100000/pending_open.png,/root/binance_bot_signals/review_workspace/2026-03-26/cases/PAXGUSDT-SHORT-EXH-1774502100000/entry_or_confirm.png,/root/binance_bot_signals/review_workspace/2026-03-26/cases/PAXGUSDT-SHORT-EXH-1774502100000/case_close.png,Y,Y,Y,Y,Y,UNREVIEWED,UNREVIEWED,UNREVIEWED,UNREVIEWED,UNSET,
BRUSDT-LONG-1774503000000,2026-03-26,BRUSDT,LONG,long_breakout_retest,BRUSDT-LONG-1774503000000,,1774503000000,1774503477352,0,0,1774504615223,1774517877352,2026-03-26 12:30:00,2026-03-26 12:37:57,,,2026-03-26 12:56:55,2026-03-26 16:37:57,0.17544,0.173,,,,,INVALIDATED,retest invalidated,4,,18.96,,,/root/binance_bot_signals/review_workspace/2026-03-26/cases/BRUSDT-LONG-1774503000000/pre_pending.png,/root/binance_bot_signals/review_workspace/2026-03-26/cases/BRUSDT-LONG-1774503000000/pending_open.png,/root/binance_bot_signals/review_workspace/2026-03-26/cases/BRUSDT-LONG-1774503000000/entry_or_confirm.png,/root/binance_bot_signals/review_workspace/2026-03-26/cases/BRUSDT-LONG-1774503000000/case_close.png,Y,Y,Y,Y,Y,UNREVIEWED,UNREVIEWED,UNREVIEWED,UNREVIEWED,UNSET,
HYPEUSDT-SHORT-EXH-1774503000000,2026-03-26,HYPEUSDT,SHORT,short_exhaustion_retest,HYPEUSDT-SHORT-EXH-1774503000000,,1774503000000,1774503963377,0,0,1774504942510,1774518363377,2026-03-26 12:30:00,2026-03-26 12:46:03,,,2026-03-26 13:02:22,2026-03-26 16:46:03,38.987,39.08,,,,,CONFIRMED,signal confirmed,1,,16.32,,,/root/binance_bot_signals/review_workspace/2026-03-26/cases/HYPEUSDT-SHORT-EXH-1774503000000/pre_pending.png,/root/binance_bot_signals/review_workspace/2026-03-26/cases/HYPEUSDT-SHORT-EXH-1774503000000/pending_open.png,/root/binance_bot_signals/review_workspace/2026-03-26/cases/HYPEUSDT-SHORT-EXH-1774503000000/entry_or_confirm.png,/root/binance_bot_signals/review_workspace/2026-03-26/cases/HYPEUSDT-SHORT-EXH-1774503000000/case_close.png,Y,Y,Y,Y,Y,UNREVIEWED,UNREVIEWED,UNREVIEWED,UNREVIEWED,UNSET,
ZECUSDT-SHORT-EXH-1774503000000,2026-03-26,ZECUSDT,SHORT,short_exhaustion_retest,ZECUSDT-SHORT-EXH-1774503000000,,1774503000000,1774503965896,0,0,1774504942869,1774518365896,2026-03-26 12:30:00,2026-03-26 12:46:05,,,2026-03-26 13:02:22,2026-03-26 16:46:05,226.59,227.21,,,,,CONFIRMED,signal confirmed,1,,16.28,,,/root/binance_bot_signals/review_workspace/2026-03-26/cases/ZECUSDT-SHORT-EXH-1774503000000/pre_pending.png,/root/binance_bot_signals/review_workspace/2026-03-26/cases/ZECUSDT-SHORT-EXH-1774503000000/pending_open.png,/root/binance_bot_signals/review_workspace/2026-03-26/cases/ZECUSDT-SHORT-EXH-1774503000000/entry_or_confirm.png,/root/binance_bot_signals/review_workspace/2026-03-26/cases/ZECUSDT-SHORT-EXH-1774503000000/case_close.png,Y,Y,Y,Y,Y,UNREVIEWED,UNREVIEWED,UNREVIEWED,UNREVIEWED,UNSET,
1000PEPEUSDT-SHORT-EXH-1774503000000,2026-03-26,1000PEPEUSDT,SHORT,short_exhaustion_retest,1000PEPEUSDT-SHORT-EXH-1774503000000,,1774503000000,1774503968678,0,0,1774504943498,1774518368678,2026-03-26 12:30:00,2026-03-26 12:46:08,,,2026-03-26 13:02:23,2026-03-26 16:46:08,0.003454,0.0034621,,,,,CONFIRMED,signal confirmed,1,,16.25,,,/root/binance_bot_signals/review_workspace/2026-03-26/cases/1000PEPEUSDT-SHORT-EXH-1774503000000/pre_pending.png,/root/binance_bot_signals/review_workspace/2026-03-26/cases/1000PEPEUSDT-SHORT-EXH-1774503000000/pending_open.png,/root/binance_bot_signals/review_workspace/2026-03-26/cases/1000PEPEUSDT-SHORT-EXH-1774503000000/entry_or_confirm.png,/root/binance_bot_signals/review_workspace/2026-03-26/cases/1000PEPEUSDT-SHORT-EXH-1774503000000/case_close.png,Y,Y,Y,Y,Y,UNREVIEWED,UNREVIEWED,UNREVIEWED,UNREVIEWED,UNSET,
AVAXUSDT-SHORT-EXH-1774503000000,2026-03-26,AVAXUSDT,SHORT,short_exhaustion_retest,AVAXUSDT-SHORT-EXH-1774503000000,,1774503000000,1774503975405,0,0,1774504944260,1774518375405,2026-03-26 12:30:00,2026-03-26 12:46:15,,,2026-03-26 13:02:24,2026-03-26 16:46:15,9.469,9.492,,,,,CONFIRMED,signal confirmed,1,,16.15,,,/root/binance_bot_signals/review_workspace/2026-03-26/cases/AVAXUSDT-SHORT-EXH-1774503000000/pre_pending.png,/root/binance_bot_signals/review_workspace/2026-03-26/cases/AVAXUSDT-SHORT-EXH-1774503000000/pending_open.png,/root/binance_bot_signals/review_workspace/2026-03-26/cases/AVAXUSDT-SHORT-EXH-1774503000000/entry_or_confirm.png,/root/binance_bot_signals/review_workspace/2026-03-26/cases/AVAXUSDT-SHORT-EXH-1774503000000/case_close.png,Y,Y,Y,Y,Y,UNREVIEWED,UNREVIEWED,UNREVIEWED,UNREVIEWED,UNSET,
BCHUSDT-SHORT-EXH-1774503000000,2026-03-26,BCHUSDT,SHORT,short_exhaustion_retest,BCHUSDT-SHORT-EXH-1774503000000,,1774503000000,1774503982981,0,0,1774506739503,1774518382981,2026-03-26 12:30:00,2026-03-26 12:46:22,,,2026-03-26 13:32:19,2026-03-26 16:46:22,466.94,468.88,,,,,EXPIRED_WAIT,retest wait expired,3,,45.94,,,/root/binance_bot_signals/review_workspace/2026-03-26/cases/BCHUSDT-SHORT-EXH-1774503000000/pre_pending.png,/root/binance_bot_signals/review_workspace/2026-03-26/cases/BCHUSDT-SHORT-EXH-1774503000000/pending_open.png,/root/binance_bot_signals/review_workspace/2026-03-26/cases/BCHUSDT-SHORT-EXH-1774503000000/entry_or_confirm.png,/root/binance_bot_signals/review_workspace/2026-03-26/cases/BCHUSDT-SHORT-EXH-1774503000000/case_close.png,Y,Y,Y,Y,Y,UNREVIEWED,UNREVIEWED,UNREVIEWED,UNREVIEWED,UNSET,
RENDERUSDT-SHORT-EXH-1774503000000,2026-03-26,RENDERUSDT,SHORT,short_exhaustion_retest,RENDERUSDT-SHORT-EXH-1774503000000,,1774503000000,1774503986164,0,0,1774504944675,1774518386164,2026-03-26 12:30:00,2026-03-26 12:46:26,,,2026-03-26 13:02:24,2026-03-26 16:46:26,1.78,1.787,,,,,CONFIRMED,signal confirmed,1,,15.98,,,/root/binance_bot_signals/review_workspace/2026-03-26/cases/RENDERUSDT-SHORT-EXH-1774503000000/pre_pending.png,/root/binance_bot_signals/review_workspace/2026-03-26/cases/RENDERUSDT-SHORT-EXH-1774503000000/pending_open.png,/root/binance_bot_signals/review_workspace/2026-03-26/cases/RENDERUSDT-SHORT-EXH-1774503000000/entry_or_confirm.png,/root/binance_bot_signals/review_workspace/2026-03-26/cases/RENDERUSDT-SHORT-EXH-1774503000000/case_close.png,Y,Y,Y,Y,Y,UNREVIEWED,UNREVIEWED,UNREVIEWED,UNREVIEWED,UNSET,
FARTCOINUSDT-SHORT-EXH-1774503000000,2026-03-26,FARTCOINUSDT,SHORT,short_exhaustion_retest,FARTCOINUSDT-SHORT-EXH-1774503000000,,1774503000000,1774503988920,0,0,1774506739632,1774518388920,2026-03-26 12:30:00,2026-03-26 12:46:28,,,2026-03-26 13:32:19,2026-03-26 16:46:28,0.1838,0.1856,,,,,EXPIRED_WAIT,retest wait expired,3,,45.85,,,/root/binance_bot_signals/review_workspace/2026-03-26/cases/FARTCOINUSDT-SHORT-EXH-1774503000000/pre_pending.png,/root/binance_bot_signals/review_workspace/2026-03-26/cases/FARTCOINUSDT-SHORT-EXH-1774503000000/pending_open.png,/root/binance_bot_signals/review_workspace/2026-03-26/cases/FARTCOINUSDT-SHORT-EXH-1774503000000/entry_or_confirm.png,/root/binance_bot_signals/review_workspace/2026-03-26/cases/FARTCOINUSDT-SHORT-EXH-1774503000000/case_close.png,Y,Y,Y,Y,Y,UNREVIEWED,UNREVIEWED,UNREVIEWED,UNREVIEWED,UNSET,
XPLUSDT-SHORT-EXH-1774503000000,2026-03-26,XPLUSDT,SHORT,short_exhaustion_retest,XPLUSDT-SHORT-EXH-1774503000000,,1774503000000,1774503993644,0,0,1774505764408,1774518393644,2026-03-26 12:30:00,2026-03-26 12:46:33,,,2026-03-26 13:16:04,2026-03-26 16:46:33,0.0979,0.0983,,,,,INVALIDATED,retest invalidated,2,,29.51,,,/root/binance_bot_signals/review_workspace/2026-03-26/cases/XPLUSDT-SHORT-EXH-1774503000000/pre_pending.png,/root/binance_bot_signals/review_workspace/2026-03-26/cases/XPLUSDT-SHORT-EXH-1774503000000/pending_open.png,/root/binance_bot_signals/review_workspace/2026-03-26/cases/XPLUSDT-SHORT-EXH-1774503000000/entry_or_confirm.png,/root/binance_bot_signals/review_workspace/2026-03-26/cases/XPLUSDT-SHORT-EXH-1774503000000/case_close.png,Y,Y,Y,Y,Y,UNREVIEWED,UNREVIEWED,UNREVIEWED,UNREVIEWED,UNSET,
BARDUSDT-SHORT-EXH-1774503000000,2026-03-26,BARDUSDT,SHORT,short_exhaustion_retest,BARDUSDT-SHORT-EXH-1774503000000,,1774503000000,1774504002621,0,0,1774506739757,1774518402621,2026-03-26 12:30:00,2026-03-26 12:46:42,,,2026-03-26 13:32:19,2026-03-26 16:46:42,0.428,0.4307,,,,,EXPIRED_WAIT,retest wait expired,3,,45.62,,,/root/binance_bot_signals/review_workspace/2026-03-26/cases/BARDUSDT-SHORT-EXH-1774503000000/pre_pending.png,/root/binance_bot_signals/review_workspace/2026-03-26/cases/BARDUSDT-SHORT-EXH-1774503000000/pending_open.png,/root/binance_bot_signals/review_workspace/2026-03-26/cases/BARDUSDT-SHORT-EXH-1774503000000/entry_or_confirm.png,/root/binance_bot_signals/review_workspace/2026-03-26/cases/BARDUSDT-SHORT-EXH-1774503000000/case_close.png,Y,Y,Y,Y,Y,UNREVIEWED,UNREVIEWED,UNREVIEWED,UNREVIEWED,UNSET,
OPUSDT-SHORT-EXH-1774503000000,2026-03-26,OPUSDT,SHORT,short_exhaustion_retest,OPUSDT-SHORT-EXH-1774503000000,,1774503000000,1774504004869,0,0,1774506739878,1774518404869,2026-03-26 12:30:00,2026-03-26 12:46:44,,,2026-03-26 13:32:19,2026-03-26 16:46:44,0.1107,0.1111,,,,,EXPIRED_WAIT,retest wait expired,3,,45.58,,,/root/binance_bot_signals/review_workspace/2026-03-26/cases/OPUSDT-SHORT-EXH-1774503000000/pre_pending.png,/root/binance_bot_signals/review_workspace/2026-03-26/cases/OPUSDT-SHORT-EXH-1774503000000/pending_open.png,/root/binance_bot_signals/review_workspace/2026-03-26/cases/OPUSDT-SHORT-EXH-1774503000000/entry_or_confirm.png,/root/binance_bot_signals/review_workspace/2026-03-26/cases/OPUSDT-SHORT-EXH-1774503000000/case_close.png,Y,Y,Y,Y,Y,UNREVIEWED,UNREVIEWED,UNREVIEWED,UNREVIEWED,UNSET,
SOLUSDT-SHORT-EXH-1774503900000,2026-03-26,SOLUSDT,SHORT,short_exhaustion_retest,SOLUSDT-SHORT-EXH-1774503900000,,1774503900000,1774504948559,0,0,1774507551469,1774519348559,2026-03-26 12:45:00,2026-03-26 13:02:28,,,2026-03-26 13:45:51,2026-03-26 17:02:28,89.18,89.42,,,,,EXPIRED_WAIT,retest wait expired,3,,43.38,,,/root/binance_bot_signals/review_workspace/2026-03-26/cases/SOLUSDT-SHORT-EXH-1774503900000/pre_pending.png,/root/binance_bot_signals/review_workspace/2026-03-26/cases/SOLUSDT-SHORT-EXH-1774503900000/pending_open.png,/root/binance_bot_signals/review_workspace/2026-03-26/cases/SOLUSDT-SHORT-EXH-1774503900000/entry_or_confirm.png,/root/binance_bot_signals/review_workspace/2026-03-26/cases/SOLUSDT-SHORT-EXH-1774503900000/case_close.png,Y,Y,Y,Y,Y,UNREVIEWED,UNREVIEWED,UNREVIEWED,UNREVIEWED,UNSET,
XRPUSDT-SHORT-EXH-1774503900000,2026-03-26,XRPUSDT,SHORT,short_exhaustion_retest,XRPUSDT-SHORT-EXH-1774503900000,,1774503900000,1774504950795,0,0,1774506740308,1774519350795,2026-03-26 12:45:00,2026-03-26 13:02:30,,,2026-03-26 13:32:20,2026-03-26 17:02:30,1.388,1.3907,,,,,CONFIRMED,signal confirmed,2,,29.83,,,/root/binance_bot_signals/review_workspace/2026-03-26/cases/XRPUSDT-SHORT-EXH-1774503900000/pre_pending.png,/root/binance_bot_signals/review_workspace/2026-03-26/cases/XRPUSDT-SHORT-EXH-1774503900000/pending_open.png,/root/binance_bot_signals/review_workspace/2026-03-26/cases/XRPUSDT-SHORT-EXH-1774503900000/entry_or_confirm.png,/root/binance_bot_signals/review_workspace/2026-03-26/cases/XRPUSDT-SHORT-EXH-1774503900000/case_close.png,Y,Y,Y,Y,Y,UNREVIEWED,UNREVIEWED,UNREVIEWED,UNREVIEWED,UNSET,
BNBUSDT-SHORT-EXH-1774503900000,2026-03-26,BNBUSDT,SHORT,short_exhaustion_retest,BNBUSDT-SHORT-EXH-1774503900000,,1774503900000,1774504953499,0,0,1774507551585,1774519353499,2026-03-26 12:45:00,2026-03-26 13:02:33,,,2026-03-26 13:45:51,2026-03-26 17:02:33,635.24,637.03,,,,,EXPIRED_WAIT,retest wait expired,3,,43.3,,,/root/binance_bot_signals/review_workspace/2026-03-26/cases/BNBUSDT-SHORT-EXH-1774503900000/pre_pending.png,/root/binance_bot_signals/review_workspace/2026-03-26/cases/BNBUSDT-SHORT-EXH-1774503900000/pending_open.png,/root/binance_bot_signals/review_workspace/2026-03-26/cases/BNBUSDT-SHORT-EXH-1774503900000/entry_or_confirm.png,/root/binance_bot_signals/review_workspace/2026-03-26/cases/BNBUSDT-SHORT-EXH-1774503900000/case_close.png,Y,Y,Y,Y,Y,UNREVIEWED,UNREVIEWED,UNREVIEWED,UNREVIEWED,UNSET,
ADAUSDT-SHORT-EXH-1774503900000,2026-03-26,ADAUSDT,SHORT,short_exhaustion_retest,ADAUSDT-SHORT-EXH-1774503900000,,1774503900000,1774504959429,0,0,1774507551710,1774519359429,2026-03-26 12:45:00,2026-03-26 13:02:39,,,2026-03-26 13:45:51,2026-03-26 17:02:39,0.2623,0.2633,,,,,EXPIRED_WAIT,retest wait expired,3,,43.2,,,/root/binance_bot_signals/review_workspace/2026-03-26/cases/ADAUSDT-SHORT-EXH-1774503900000/pre_pending.png,/root/binance_bot_signals/review_workspace/2026-03-26/cases/ADAUSDT-SHORT-EXH-1774503900000/pending_open.png,/root/binance_bot_signals/review_workspace/2026-03-26/cases/ADAUSDT-SHORT-EXH-1774503900000/entry_or_confirm.png,/root/binance_bot_signals/review_workspace/2026-03-26/cases/ADAUSDT-SHORT-EXH-1774503900000/case_close.png,Y,Y,Y,Y,Y,UNREVIEWED,UNREVIEWED,UNREVIEWED,UNREVIEWED,UNSET,
LINKUSDT-SHORT-EXH-1774503900000,2026-03-26,LINKUSDT,SHORT,short_exhaustion_retest,LINKUSDT-SHORT-EXH-1774503900000,,1774503900000,1774504963102,0,0,1774507551835,1774519363102,2026-03-26 12:45:00,2026-03-26 13:02:43,,,2026-03-26 13:45:51,2026-03-26 17:02:43,9.098,9.132,,,,,EXPIRED_WAIT,retest wait expired,3,,43.15,,,/root/binance_bot_signals/review_workspace/2026-03-26/cases/LINKUSDT-SHORT-EXH-1774503900000/pre_pending.png,/root/binance_bot_signals/review_workspace/2026-03-26/cases/LINKUSDT-SHORT-EXH-1774503900000/pending_open.png,/root/binance_bot_signals/review_workspace/2026-03-26/cases/LINKUSDT-SHORT-EXH-1774503900000/entry_or_confirm.png,/root/binance_bot_signals/review_workspace/2026-03-26/cases/LINKUSDT-SHORT-EXH-1774503900000/case_close.png,Y,Y,Y,Y,Y,UNREVIEWED,UNREVIEWED,UNREVIEWED,UNREVIEWED,UNSET,
AVAXUSDT-SHORT-EXH-1774503900000,2026-03-26,AVAXUSDT,SHORT,short_exhaustion_retest,AVAXUSDT-SHORT-EXH-1774503900000,,1774503900000,1774504965339,0,0,1774506741180,1774519365339,2026-03-26 12:45:00,2026-03-26 13:02:45,,,2026-03-26 13:32:21,2026-03-26 17:02:45,9.443,9.46,,,,,CONFIRMED,signal confirmed,2,,29.6,,,/root/binance_bot_signals/review_workspace/2026-03-26/cases/AVAXUSDT-SHORT-EXH-1774503900000/pre_pending.png,/root/binance_bot_signals/review_workspace/2026-03-26/cases/AVAXUSDT-SHORT-EXH-1774503900000/pending_open.png,/root/binance_bot_signals/review_workspace/2026-03-26/cases/AVAXUSDT-SHORT-EXH-1774503900000/entry_or_confirm.png,/root/binance_bot_signals/review_workspace/2026-03-26/cases/AVAXUSDT-SHORT-EXH-1774503900000/case_close.png,Y,Y,Y,Y,Y,UNREVIEWED,UNREVIEWED,UNREVIEWED,UNREVIEWED,UNSET,
PUMPUSDT-SHORT-EXH-1774503900000,2026-03-26,PUMPUSDT,SHORT,short_exhaustion_retest,PUMPUSDT-SHORT-EXH-1774503900000,,1774503900000,1774504968550,0,0,1774507551953,1774519368550,2026-03-26 12:45:00,2026-03-26 13:02:48,,,2026-03-26 13:45:51,2026-03-26 17:02:48,0.001819,0.00183,,,,,EXPIRED_WAIT,retest wait expired,3,,43.06,,,/root/binance_bot_signals/review_workspace/2026-03-26/cases/PUMPUSDT-SHORT-EXH-1774503900000/pre_pending.png,/root/binance_bot_signals/review_workspace/2026-03-26/cases/PUMPUSDT-SHORT-EXH-1774503900000/pending_open.png,/root/binance_bot_signals/review_workspace/2026-03-26/cases/PUMPUSDT-SHORT-EXH-1774503900000/entry_or_confirm.png,/root/binance_bot_signals/review_workspace/2026-03-26/cases/PUMPUSDT-SHORT-EXH-1774503900000/case_close.png,Y,Y,Y,Y,Y,UNREVIEWED,UNREVIEWED,UNREVIEWED,UNREVIEWED,UNSET,
ASTERUSDT-SHORT-EXH-1774503900000,2026-03-26,ASTERUSDT,SHORT,short_exhaustion_retest,ASTERUSDT-SHORT-EXH-1774503900000,,1774503900000,1774504972273,0,0,1774505765245,1774519372273,2026-03-26 12:45:00,2026-03-26 13:02:52,,,2026-03-26 13:16:05,2026-03-26 17:02:52,0.6582,0.6593,,,,,INVALIDATED,retest invalidated,1,,13.22,,,/root/binance_bot_signals/review_workspace/2026-03-26/cases/ASTERUSDT-SHORT-EXH-1774503900000/pre_pending.png,/root/binance_bot_signals/review_workspace/2026-03-26/cases/ASTERUSDT-SHORT-EXH-1774503900000/pending_open.png,/root/binance_bot_signals/review_workspace/2026-03-26/cases/ASTERUSDT-SHORT-EXH-1774503900000/entry_or_confirm.png,/root/binance_bot_signals/review_workspace/2026-03-26/cases/ASTERUSDT-SHORT-EXH-1774503900000/case_close.png,Y,Y,Y,Y,Y,UNREVIEWED,UNREVIEWED,UNREVIEWED,UNREVIEWED,UNSET,
APTUSDT-SHORT-EXH-1774503900000,2026-03-26,APTUSDT,SHORT,short_exhaustion_retest,APTUSDT-SHORT-EXH-1774503900000,,1774503900000,1774504977974,0,0,1774505765376,1774519377974,2026-03-26 12:45:00,2026-03-26 13:02:57,,,2026-03-26 13:16:05,2026-03-26 17:02:57,1.0314,1.0335,,,,,INVALIDATED,retest invalidated,1,,13.12,,,/root/binance_bot_signals/review_workspace/2026-03-26/cases/APTUSDT-SHORT-EXH-1774503900000/pre_pending.png,/root/binance_bot_signals/review_workspace/2026-03-26/cases/APTUSDT-SHORT-EXH-1774503900000/pending_open.png,/root/binance_bot_signals/review_workspace/2026-03-26/cases/APTUSDT-SHORT-EXH-1774503900000/entry_or_confirm.png,/root/binance_bot_signals/review_workspace/2026-03-26/cases/APTUSDT-SHORT-EXH-1774503900000/case_close.png,Y,Y,Y,Y,Y,UNREVIEWED,UNREVIEWED,UNREVIEWED,UNREVIEWED,UNSET,
XMRUSDT-SHORT-EXH-1774505700000,2026-03-26,XMRUSDT,SHORT,short_exhaustion_retest,XMRUSDT-SHORT-EXH-1774505700000,,1774505700000,1774506612908,0,0,1774509330222,1774521012908,2026-03-26 13:15:00,2026-03-26 13:30:12,,,2026-03-26 14:15:30,2026-03-26 17:30:12,335.26,336.57,,,,,EXPIRED_WAIT,retest wait expired,3,,45.29,,,/root/binance_bot_signals/review_workspace/2026-03-26/cases/XMRUSDT-SHORT-EXH-1774505700000/pre_pending.png,/root/binance_bot_signals/review_workspace/2026-03-26/cases/XMRUSDT-SHORT-EXH-1774505700000/pending_open.png,/root/binance_bot_signals/review_workspace/2026-03-26/cases/XMRUSDT-SHORT-EXH-1774505700000/entry_or_confirm.png,/root/binance_bot_signals/review_workspace/2026-03-26/cases/XMRUSDT-SHORT-EXH-1774505700000/case_close.png,Y,Y,Y,Y,Y,UNREVIEWED,UNREVIEWED,UNREVIEWED,UNREVIEWED,UNSET,
CUSDT-LONG-1774508700000,2026-03-26,CUSDT,LONG,long_breakout_retest,CUSDT-LONG-1774508700000,,1774508700000,1774509179858,0,0,1774511536079,1774523579858,2026-03-26 14:05:00,2026-03-26 14:12:59,,,2026-03-26 14:52:16,2026-03-26 18:12:59,0.06235,0.06158,,,,,EXPIRED_WAIT,retest wait expired,8,,39.27,,,/root/binance_bot_signals/review_workspace/2026-03-26/cases/CUSDT-LONG-1774508700000/pre_pending.png,/root/binance_bot_signals/review_workspace/2026-03-26/cases/CUSDT-LONG-1774508700000/pending_open.png,/root/binance_bot_signals/review_workspace/2026-03-26/cases/CUSDT-LONG-1774508700000/entry_or_confirm.png,/root/binance_bot_signals/review_workspace/2026-03-26/cases/CUSDT-LONG-1774508700000/case_close.png,Y,Y,Y,Y,Y,UNREVIEWED,UNREVIEWED,UNREVIEWED,UNREVIEWED,UNSET,
CUSDT-LONG-1774511100000,2026-03-26,CUSDT,LONG,long_breakout_retest,CUSDT-LONG-1774511100000,,1774511100000,1774511556564,0,0,1774511751475,1774525956564,2026-03-26 14:45:00,2026-03-26 14:52:36,,,2026-03-26 14:55:51,2026-03-26 18:52:36,0.06494,0.0646,,,,,INVALIDATED,retest invalidated,0,,3.25,,,/root/binance_bot_signals/review_workspace/2026-03-26/cases/CUSDT-LONG-1774511100000/pre_pending.png,/root/binance_bot_signals/review_workspace/2026-03-26/cases/CUSDT-LONG-1774511100000/pending_open.png,/root/binance_bot_signals/review_workspace/2026-03-26/cases/CUSDT-LONG-1774511100000/entry_or_confirm.png,/root/binance_bot_signals/review_workspace/2026-03-26/cases/CUSDT-LONG-1774511100000/case_close.png,Y,Y,Y,Y,Y,UNREVIEWED,UNREVIEWED,UNREVIEWED,UNREVIEWED,UNSET,
FILUSDT-SHORT-EXH-1774512900000,2026-03-26,FILUSDT,SHORT,short_exhaustion_retest,FILUSDT-SHORT-EXH-1774512900000,,1774512900000,1774513941044,0,0,1774515778167,1774528341044,2026-03-26 15:15:00,2026-03-26 15:32:21,,,2026-03-26 16:02:58,2026-03-26 19:32:21,0.895,0.897,,,,,INVALIDATED,retest invalidated,0,,30.62,,,/root/binance_bot_signals/review_workspace/2026-03-26/cases/FILUSDT-SHORT-EXH-1774512900000/pre_pending.png,/root/binance_bot_signals/review_workspace/2026-03-26/cases/FILUSDT-SHORT-EXH-1774512900000/pending_open.png,,/root/binance_bot_signals/review_workspace/2026-03-26/cases/FILUSDT-SHORT-EXH-1774512900000/case_close.png,Y,Y,N,Y,N,UNREVIEWED,UNREVIEWED,UNREVIEWED,UNREVIEWED,UNSET,
OPUSDT-SHORT-EXH-1774512900000,2026-03-26,OPUSDT,SHORT,short_exhaustion_retest,OPUSDT-SHORT-EXH-1774512900000,,1774512900000,1774513965661,0,0,1774516616319,1774528365661,2026-03-26 15:15:00,2026-03-26 15:32:45,,,2026-03-26 16:16:56,2026-03-26 19:32:45,0.1089,0.1096,,,,,EXPIRED_WAIT,retest wait expired,0,,44.18,,,/root/binance_bot_signals/review_workspace/2026-03-26/cases/OPUSDT-SHORT-EXH-1774512900000/pre_pending.png,/root/binance_bot_signals/review_workspace/2026-03-26/cases/OPUSDT-SHORT-EXH-1774512900000/pending_open.png,,/root/binance_bot_signals/review_workspace/2026-03-26/cases/OPUSDT-SHORT-EXH-1774512900000/case_close.png,Y,Y,N,Y,N,UNREVIEWED,UNREVIEWED,UNREVIEWED,UNREVIEWED,UNSET,
ZROUSDT-SHORT-EXH-1774512900000,2026-03-26,ZROUSDT,SHORT,short_exhaustion_retest,ZROUSDT-SHORT-EXH-1774512900000,,1774512900000,1774513970950,0,0,1774516617522,1774528370950,2026-03-26 15:15:00,2026-03-26 15:32:50,,,2026-03-26 16:16:57,2026-03-26 19:32:50,2.0364,2.0435,,,,,INVALIDATED,retest invalidated,0,,44.11,,,/root/binance_bot_signals/review_workspace/2026-03-26/cases/ZROUSDT-SHORT-EXH-1774512900000/pre_pending.png,/root/binance_bot_signals/review_workspace/2026-03-26/cases/ZROUSDT-SHORT-EXH-1774512900000/pending_open.png,,/root/binance_bot_signals/review_workspace/2026-03-26/cases/ZROUSDT-SHORT-EXH-1774512900000/case_close.png,Y,Y,N,Y,N,UNREVIEWED,UNREVIEWED,UNREVIEWED,UNREVIEWED,UNSET,
BSBUSDT-LONG-1774514700000,2026-03-26,BSBUSDT,LONG,long_breakout_retest,BSBUSDT-LONG-1774514700000,,1774514700000,1774515122314,0,0,1774515609863,1774529522314,2026-03-26 15:45:00,2026-03-26 15:52:02,,,2026-03-26 16:00:09,2026-03-26 19:52:02,0.16492,0.16152,,,,,INVALIDATED,retest invalidated,0,,8.13,,,/root/binance_bot_signals/review_workspace/2026-03-26/cases/BSBUSDT-LONG-1774514700000/pre_pending.png,/root/binance_bot_signals/review_workspace/2026-03-26/cases/BSBUSDT-LONG-1774514700000/pending_open.png,,/root/binance_bot_signals/review_workspace/2026-03-26/cases/BSBUSDT-LONG-1774514700000/case_close.png,Y,Y,N,Y,N,UNREVIEWED,UNREVIEWED,UNREVIEWED,UNREVIEWED,UNSET,
SIRENUSDT-LONG-1774515600000,2026-03-26,SIRENUSDT,LONG,long_breakout_retest,SIRENUSDT-LONG-1774515600000,,1774515600000,1774515954255,0,0,1774518121816,1774530354255,2026-03-26 16:00:00,2026-03-26 16:05:54,,,2026-03-26 16:42:01,2026-03-26 20:05:54,2.03319,1.96,,,,,INVALIDATED,retest invalidated,0,,36.13,,,/root/binance_bot_signals/review_workspace/2026-03-26/cases/SIRENUSDT-LONG-1774515600000/pre_pending.png,/root/binance_bot_signals/review_workspace/2026-03-26/cases/SIRENUSDT-LONG-1774515600000/pending_open.png,,/root/binance_bot_signals/review_workspace/2026-03-26/cases/SIRENUSDT-LONG-1774515600000/case_close.png,Y,Y,N,Y,N,UNREVIEWED,UNREVIEWED,UNREVIEWED,UNREVIEWED,UNSET,
DOTUSDT-SHORT-EXH-1774517400000,2026-03-26,DOTUSDT,SHORT,short_exhaustion_retest,DOTUSDT-SHORT-EXH-1774517400000,,1774517400000,1774518311217,0,0,1774521050522,1774532711217,2026-03-26 16:30:00,2026-03-26 16:45:11,,,2026-03-26 17:30:50,2026-03-26 20:45:11,1.31,1.316,,,,,EXPIRED_WAIT,retest wait expired,0,,45.66,,,/root/binance_bot_signals/review_workspace/2026-03-26/cases/DOTUSDT-SHORT-EXH-1774517400000/pre_pending.png,/root/binance_bot_signals/review_workspace/2026-03-26/cases/DOTUSDT-SHORT-EXH-1774517400000/pending_open.png,,/root/binance_bot_signals/review_workspace/2026-03-26/cases/DOTUSDT-SHORT-EXH-1774517400000/case_close.png,Y,Y,N,Y,N,UNREVIEWED,UNREVIEWED,UNREVIEWED,UNREVIEWED,UNSET,
LINKUSDT-SHORT-EXH-1774517400000,2026-03-26,LINKUSDT,SHORT,short_exhaustion_retest,LINKUSDT-SHORT-EXH-1774517400000,,1774517400000,1774518315070,0,0,1774521051660,1774532715070,2026-03-26 16:30:00,2026-03-26 16:45:15,,,2026-03-26 17:30:51,2026-03-26 20:45:15,8.969,9.052,,,,,EXPIRED_WAIT,retest wait expired,0,,45.61,,,/root/binance_bot_signals/review_workspace/2026-03-26/cases/LINKUSDT-SHORT-EXH-1774517400000/pre_pending.png,/root/binance_bot_signals/review_workspace/2026-03-26/cases/LINKUSDT-SHORT-EXH-1774517400000/pending_open.png,,/root/binance_bot_signals/review_workspace/2026-03-26/cases/LINKUSDT-SHORT-EXH-1774517400000/case_close.png,Y,Y,N,Y,N,UNREVIEWED,UNREVIEWED,UNREVIEWED,UNREVIEWED,UNSET,
PUMPUSDT-SHORT-EXH-1774517400000,2026-03-26,PUMPUSDT,SHORT,short_exhaustion_retest,PUMPUSDT-SHORT-EXH-1774517400000,,1774517400000,1774518322020,0,0,1774521052792,1774532722020,2026-03-26 16:30:00,2026-03-26 16:45:22,,,2026-03-26 17:30:52,2026-03-26 20:45:22,0.00178,0.001796,,,,,EXPIRED_WAIT,retest wait expired,0,,45.51,,,/root/binance_bot_signals/review_workspace/2026-03-26/cases/PUMPUSDT-SHORT-EXH-1774517400000/pre_pending.png,/root/binance_bot_signals/review_workspace/2026-03-26/cases/PUMPUSDT-SHORT-EXH-1774517400000/pending_open.png,,/root/binance_bot_signals/review_workspace/2026-03-26/cases/PUMPUSDT-SHORT-EXH-1774517400000/case_close.png,Y,Y,N,Y,N,UNREVIEWED,UNREVIEWED,UNREVIEWED,UNREVIEWED,UNSET,
ASTERUSDT-SHORT-EXH-1774517400000,2026-03-26,ASTERUSDT,SHORT,short_exhaustion_retest,ASTERUSDT-SHORT-EXH-1774517400000,,1774517400000,1774518328951,0,0,1774519293112,1774532728951,2026-03-26 16:30:00,2026-03-26 16:45:28,,,2026-03-26 17:01:33,2026-03-26 20:45:28,0.6572,0.6583,,,,,INVALIDATED,retest invalidated,0,,16.07,,,/root/binance_bot_signals/review_workspace/2026-03-26/cases/ASTERUSDT-SHORT-EXH-1774517400000/pre_pending.png,/root/binance_bot_signals/review_workspace/2026-03-26/cases/ASTERUSDT-SHORT-EXH-1774517400000/pending_open.png,,/root/binance_bot_signals/review_workspace/2026-03-26/cases/ASTERUSDT-SHORT-EXH-1774517400000/case_close.png,Y,Y,N,Y,N,UNREVIEWED,UNREVIEWED,UNREVIEWED,UNREVIEWED,UNSET,
RENDERUSDT-SHORT-EXH-1774517400000,2026-03-26,RENDERUSDT,SHORT,short_exhaustion_retest,RENDERUSDT-SHORT-EXH-1774517400000,,1774517400000,1774518333312,0,0,1774521053938,1774532733312,2026-03-26 16:30:00,2026-03-26 16:45:33,,,2026-03-26 17:30:53,2026-03-26 20:45:33,1.746,1.754,,,,,EXPIRED_WAIT,retest wait expired,0,,45.34,,,/root/binance_bot_signals/review_workspace/2026-03-26/cases/RENDERUSDT-SHORT-EXH-1774517400000/pre_pending.png,/root/binance_bot_signals/review_workspace/2026-03-26/cases/RENDERUSDT-SHORT-EXH-1774517400000/pending_open.png,,/root/binance_bot_signals/review_workspace/2026-03-26/cases/RENDERUSDT-SHORT-EXH-1774517400000/case_close.png,Y,Y,N,Y,N,UNREVIEWED,UNREVIEWED,UNREVIEWED,UNREVIEWED,UNSET,
FARTCOINUSDT-SHORT-EXH-1774517400000,2026-03-26,FARTCOINUSDT,SHORT,short_exhaustion_retest,FARTCOINUSDT-SHORT-EXH-1774517400000,,1774517400000,1774518336872,0,0,1774521054870,1774532736872,2026-03-26 16:30:00,2026-03-26 16:45:36,,,2026-03-26 17:30:54,2026-03-26 20:45:36,0.1807,0.1817,,,,,EXPIRED_WAIT,retest wait expired,0,,45.3,,,/root/binance_bot_signals/review_workspace/2026-03-26/cases/FARTCOINUSDT-SHORT-EXH-1774517400000/pre_pending.png,/root/binance_bot_signals/review_workspace/2026-03-26/cases/FARTCOINUSDT-SHORT-EXH-1774517400000/pending_open.png,,/root/binance_bot_signals/review_workspace/2026-03-26/cases/FARTCOINUSDT-SHORT-EXH-1774517400000/case_close.png,Y,Y,N,Y,N,UNREVIEWED,UNREVIEWED,UNREVIEWED,UNREVIEWED,UNSET,
WIFUSDT-SHORT-EXH-1774517400000,2026-03-26,WIFUSDT,SHORT,short_exhaustion_retest,WIFUSDT-SHORT-EXH-1774517400000,,1774517400000,1774518341789,0,0,0,1774532741789,2026-03-26 16:30:00,2026-03-26 16:45:41,,,,2026-03-26 20:45:41,0.1867,0.1872,,,,,PENDING,,0,,,,,/root/binance_bot_signals/review_workspace/2026-03-26/cases/WIFUSDT-SHORT-EXH-1774517400000/pre_pending.png,/root/binance_bot_signals/review_workspace/2026-03-26/cases/WIFUSDT-SHORT-EXH-1774517400000/pending_open.png,,/root/binance_bot_signals/review_workspace/2026-03-26/cases/WIFUSDT-SHORT-EXH-1774517400000/case_close.png,Y,Y,N,Y,N,UNREVIEWED,UNREVIEWED,UNREVIEWED,UNREVIEWED,UNSET,
VIRTUALUSDT-SHORT-EXH-1774517400000,2026-03-26,VIRTUALUSDT,SHORT,short_exhaustion_retest,VIRTUALUSDT-SHORT-EXH-1774517400000,,1774517400000,1774518347730,0,0,1774521056641,1774532747730,2026-03-26 16:30:00,2026-03-26 16:45:47,,,2026-03-26 17:30:56,2026-03-26 20:45:47,0.6886,0.6951,,,,,EXPIRED_WAIT,retest wait expired,0,,45.15,,,/root/binance_bot_signals/review_workspace/2026-03-26/cases/VIRTUALUSDT-SHORT-EXH-1774517400000/pre_pending.png,/root/binance_bot_signals/review_workspace/2026-03-26/cases/VIRTUALUSDT-SHORT-EXH-1774517400000/pending_open.png,,/root/binance_bot_signals/review_workspace/2026-03-26/cases/VIRTUALUSDT-SHORT-EXH-1774517400000/case_close.png,Y,Y,N,Y,N,UNREVIEWED,UNREVIEWED,UNREVIEWED,UNREVIEWED,UNSET,
XPLUSDT-SHORT-EXH-1774517400000,2026-03-26,XPLUSDT,SHORT,short_exhaustion_retest,XPLUSDT-SHORT-EXH-1774517400000,,1774517400000,1774518352555,0,0,1774521057994,1774532752555,2026-03-26 16:30:00,2026-03-26 16:45:52,,,2026-03-26 17:30:57,2026-03-26 20:45:52,0.0961,0.0971,,,,,EXPIRED_WAIT,retest wait expired,0,,45.09,,,/root/binance_bot_signals/review_workspace/2026-03-26/cases/XPLUSDT-SHORT-EXH-1774517400000/pre_pending.png,/root/binance_bot_signals/review_workspace/2026-03-26/cases/XPLUSDT-SHORT-EXH-1774517400000/pending_open.png,,/root/binance_bot_signals/review_workspace/2026-03-26/cases/XPLUSDT-SHORT-EXH-1774517400000/case_close.png,Y,Y,N,Y,N,UNREVIEWED,UNREVIEWED,UNREVIEWED,UNREVIEWED,UNSET,
BARDUSDT-SHORT-EXH-1774517400000,2026-03-26,BARDUSDT,SHORT,short_exhaustion_retest,BARDUSDT-SHORT-EXH-1774517400000,,1774517400000,1774518361958,0,0,1774521059216,1774532761958,2026-03-26 16:30:00,2026-03-26 16:46:01,,,2026-03-26 17:30:59,2026-03-26 20:46:01,0.4189,0.4239,,,,,EXPIRED_WAIT,retest wait expired,0,,44.95,,,/root/binance_bot_signals/review_workspace/2026-03-26/cases/BARDUSDT-SHORT-EXH-1774517400000/pre_pending.png,/root/binance_bot_signals/review_workspace/2026-03-26/cases/BARDUSDT-SHORT-EXH-1774517400000/pending_open.png,,/root/binance_bot_signals/review_workspace/2026-03-26/cases/BARDUSDT-SHORT-EXH-1774517400000/case_close.png,Y,Y,N,Y,N,UNREVIEWED,UNREVIEWED,UNREVIEWED,UNREVIEWED,UNSET,
ZROUSDT-SHORT-EXH-1774517400000,2026-03-26,ZROUSDT,SHORT,short_exhaustion_retest,ZROUSDT-SHORT-EXH-1774517400000,,1774517400000,1774518364808,0,0,1774519294352,1774532764808,2026-03-26 16:30:00,2026-03-26 16:46:04,,,2026-03-26 17:01:34,2026-03-26 20:46:04,2.0269,2.0301,,,,,INVALIDATED,retest invalidated,0,,15.49,,,/root/binance_bot_signals/review_workspace/2026-03-26/cases/ZROUSDT-SHORT-EXH-1774517400000/pre_pending.png,/root/binance_bot_signals/review_workspace/2026-03-26/cases/ZROUSDT-SHORT-EXH-1774517400000/pending_open.png,,/root/binance_bot_signals/review_workspace/2026-03-26/cases/ZROUSDT-SHORT-EXH-1774517400000/case_close.png,Y,Y,N,Y,N,UNREVIEWED,UNREVIEWED,UNREVIEWED,UNREVIEWED,UNSET,
SOLUSDT-SHORT-EXH-1774517400000,2026-03-26,SOLUSDT,SHORT,short_exhaustion_retest,SOLUSDT-SHORT-EXH-1774517400000,,1774517400000,1774518496583,0,0,1774521060477,1774532896583,2026-03-26 16:30:00,2026-03-26 16:48:16,,,2026-03-26 17:31:00,2026-03-26 20:48:16,88.05,88.58,,,,,EXPIRED_WAIT,retest wait expired,0,,42.73,,,/root/binance_bot_signals/review_workspace/2026-03-26/cases/SOLUSDT-SHORT-EXH-1774517400000/pre_pending.png,/root/binance_bot_signals/review_workspace/2026-03-26/cases/SOLUSDT-SHORT-EXH-1774517400000/pending_open.png,,/root/binance_bot_signals/review_workspace/2026-03-26/cases/SOLUSDT-SHORT-EXH-1774517400000/case_close.png,Y,Y,N,Y,N,UNREVIEWED,UNREVIEWED,UNREVIEWED,UNREVIEWED,UNSET,
BNBUSDT-SHORT-EXH-1774517400000,2026-03-26,BNBUSDT,SHORT,short_exhaustion_retest,BNBUSDT-SHORT-EXH-1774517400000,,1774517400000,1774518503894,0,0,1774521061390,1774532903894,2026-03-26 16:30:00,2026-03-26 16:48:23,,,2026-03-26 17:31:01,2026-03-26 20:48:23,629.57,632.39,,,,,EXPIRED_WAIT,retest wait expired,0,,42.62,,,/root/binance_bot_signals/review_workspace/2026-03-26/cases/BNBUSDT-SHORT-EXH-1774517400000/pre_pending.png,/root/binance_bot_signals/review_workspace/2026-03-26/cases/BNBUSDT-SHORT-EXH-1774517400000/pending_open.png,,/root/binance_bot_signals/review_workspace/2026-03-26/cases/BNBUSDT-SHORT-EXH-1774517400000/case_close.png,Y,Y,N,Y,N,UNREVIEWED,UNREVIEWED,UNREVIEWED,UNREVIEWED,UNSET,
ZECUSDT-SHORT-EXH-1774517400000,2026-03-26,ZECUSDT,SHORT,short_exhaustion_retest,ZECUSDT-SHORT-EXH-1774517400000,,1774517400000,1774518507786,0,0,1774521062346,1774532907786,2026-03-26 16:30:00,2026-03-26 16:48:27,,,2026-03-26 17:31:02,2026-03-26 20:48:27,221.97,223.83,,,,,EXPIRED_WAIT,retest wait expired,0,,42.58,,,/root/binance_bot_signals/review_workspace/2026-03-26/cases/ZECUSDT-SHORT-EXH-1774517400000/pre_pending.png,/root/binance_bot_signals/review_workspace/2026-03-26/cases/ZECUSDT-SHORT-EXH-1774517400000/pending_open.png,,/root/binance_bot_signals/review_workspace/2026-03-26/cases/ZECUSDT-SHORT-EXH-1774517400000/case_close.png,Y,Y,N,Y,N,UNREVIEWED,UNREVIEWED,UNREVIEWED,UNREVIEWED,UNSET,
PENGUUSDT-SHORT-EXH-1774517400000,2026-03-26,PENGUUSDT,SHORT,short_exhaustion_retest,PENGUUSDT-SHORT-EXH-1774517400000,,1774517400000,1774518531882,0,0,1774521063803,1774532931882,2026-03-26 16:30:00,2026-03-26 16:48:51,,,2026-03-26 17:31:03,2026-03-26 20:48:51,0.006907,0.006994,,,,,EXPIRED_WAIT,retest wait expired,0,,42.2,,,/root/binance_bot_signals/review_workspace/2026-03-26/cases/PENGUUSDT-SHORT-EXH-1774517400000/pre_pending.png,/root/binance_bot_signals/review_workspace/2026-03-26/cases/PENGUUSDT-SHORT-EXH-1774517400000/pending_open.png,,/root/binance_bot_signals/review_workspace/2026-03-26/cases/PENGUUSDT-SHORT-EXH-1774517400000/case_close.png,Y,Y,N,Y,N,UNREVIEWED,UNREVIEWED,UNREVIEWED,UNREVIEWED,UNSET,
ARBUSDT-SHORT-EXH-1774517400000,2026-03-26,ARBUSDT,SHORT,short_exhaustion_retest,ARBUSDT-SHORT-EXH-1774517400000,,1774517400000,1774518537777,0,0,1774521064912,1774532937777,2026-03-26 16:30:00,2026-03-26 16:48:57,,,2026-03-26 17:31:04,2026-03-26 20:48:57,0.0939,0.0944,,,,,EXPIRED_WAIT,retest wait expired,0,,42.12,,,/root/binance_bot_signals/review_workspace/2026-03-26/cases/ARBUSDT-SHORT-EXH-1774517400000/pre_pending.png,/root/binance_bot_signals/review_workspace/2026-03-26/cases/ARBUSDT-SHORT-EXH-1774517400000/pending_open.png,,/root/binance_bot_signals/review_workspace/2026-03-26/cases/ARBUSDT-SHORT-EXH-1774517400000/case_close.png,Y,Y,N,Y,N,UNREVIEWED,UNREVIEWED,UNREVIEWED,UNREVIEWED,UNSET,
1000BONKUSDT-SHORT-EXH-1774517400000,2026-03-26,1000BONKUSDT,SHORT,short_exhaustion_retest,1000BONKUSDT-SHORT-EXH-1774517400000,,1774517400000,1774518541652,0,0,1774521066489,1774532941652,2026-03-26 16:30:00,2026-03-26 16:49:01,,,2026-03-26 17:31:06,2026-03-26 20:49:01,0.005928,0.005976,,,,,EXPIRED_WAIT,retest wait expired,0,,42.08,,,/root/binance_bot_signals/review_workspace/2026-03-26/cases/1000BONKUSDT-SHORT-EXH-1774517400000/pre_pending.png,/root/binance_bot_signals/review_workspace/2026-03-26/cases/1000BONKUSDT-SHORT-EXH-1774517400000/pending_open.png,,/root/binance_bot_signals/review_workspace/2026-03-26/cases/1000BONKUSDT-SHORT-EXH-1774517400000/case_close.png,Y,Y,N,Y,N,UNREVIEWED,UNREVIEWED,UNREVIEWED,UNREVIEWED,UNSET,
LIGHTUSDT-LONG-1774518300000,2026-03-26,LIGHTUSDT,LONG,long_breakout_retest,LIGHTUSDT-LONG-1774518300000,,1774518300000,1774518717368,0,0,1774519017447,1774533117368,2026-03-26 16:45:00,2026-03-26 16:51:57,,,2026-03-26 16:56:57,2026-03-26 20:51:57,0.1923,0.1908,,,,,INVALIDATED,retest invalidated,0,,5.0,,,/root/binance_bot_signals/review_workspace/2026-03-26/cases/LIGHTUSDT-LONG-1774518300000/pre_pending.png,/root/binance_bot_signals/review_workspace/2026-03-26/cases/LIGHTUSDT-LONG-1774518300000/pending_open.png,,/root/binance_bot_signals/review_workspace/2026-03-26/cases/LIGHTUSDT-LONG-1774518300000/case_close.png,Y,Y,N,Y,N,UNREVIEWED,UNREVIEWED,UNREVIEWED,UNREVIEWED,UNSET,
LYNUSDT-SHORT-EXH-1774518300000,2026-03-26,LYNUSDT,SHORT,short_exhaustion_retest,LYNUSDT-SHORT-EXH-1774518300000,,1774518300000,1774519236468,0,0,1774522132722,1774533636468,2026-03-26 16:45:00,2026-03-26 17:00:36,,,2026-03-26 17:48:52,2026-03-26 21:00:36,0.05868,0.06013,,,,,EXPIRED_WAIT,retest wait expired,0,,48.27,,,/root/binance_bot_signals/review_workspace/2026-03-26/cases/LYNUSDT-SHORT-EXH-1774518300000/pre_pending.png,/root/binance_bot_signals/review_workspace/2026-03-26/cases/LYNUSDT-SHORT-EXH-1774518300000/pending_open.png,,/root/binance_bot_signals/review_workspace/2026-03-26/cases/LYNUSDT-SHORT-EXH-1774518300000/case_close.png,Y,Y,N,Y,N,UNREVIEWED,UNREVIEWED,UNREVIEWED,UNREVIEWED,UNSET,
JTOUSDT-SHORT-EXH-1774519200000,2026-03-26,JTOUSDT,SHORT,short_exhaustion_retest,JTOUSDT-SHORT-EXH-1774519200000,,1774519200000,1774520238503,0,0,1774521067636,1774534638503,2026-03-26 17:00:00,2026-03-26 17:17:18,,,2026-03-26 17:31:07,2026-03-26 21:17:18,0.3262,0.3278,,,,,INVALIDATED,retest invalidated,0,,13.82,,,/root/binance_bot_signals/review_workspace/2026-03-26/cases/JTOUSDT-SHORT-EXH-1774519200000/pre_pending.png,/root/binance_bot_signals/review_workspace/2026-03-26/cases/JTOUSDT-SHORT-EXH-1774519200000/pending_open.png,,/root/binance_bot_signals/review_workspace/2026-03-26/cases/JTOUSDT-SHORT-EXH-1774519200000/case_close.png,Y,Y,N,Y,N,UNREVIEWED,UNREVIEWED,UNREVIEWED,UNREVIEWED,UNSET,
XPLUSDT-SHORT-EXH-1774522800000,2026-03-26,XPLUSDT,SHORT,short_exhaustion_retest,XPLUSDT-SHORT-EXH-1774522800000,,1774522800000,1774523894091,0,0,1774526699557,1774538294091,2026-03-26 18:00:00,2026-03-26 18:18:14,,,2026-03-26 19:04:59,2026-03-26 22:18:14,0.0941,0.0948,,,,,EXPIRED_WAIT,retest wait expired,0,,46.76,,,/root/binance_bot_signals/review_workspace/2026-03-26/cases/XPLUSDT-SHORT-EXH-1774522800000/pre_pending.png,/root/binance_bot_signals/review_workspace/2026-03-26/cases/XPLUSDT-SHORT-EXH-1774522800000/pending_open.png,,/root/binance_bot_signals/review_workspace/2026-03-26/cases/XPLUSDT-SHORT-EXH-1774522800000/case_close.png,Y,Y,N,Y,N,UNREVIEWED,UNREVIEWED,UNREVIEWED,UNREVIEWED,UNSET,
ZECUSDT-SHORT-EXH-1774523700000,2026-03-26,ZECUSDT,SHORT,short_exhaustion_retest,ZECUSDT-SHORT-EXH-1774523700000,,1774523700000,1774524634351,0,0,1774525555542,1774539034351,2026-03-26 18:15:00,2026-03-26 18:30:34,,,2026-03-26 18:45:55,2026-03-26 22:30:34,219.67,221.17,,,,,INVALIDATED,retest invalidated,0,,15.35,,,/root/binance_bot_signals/review_workspace/2026-03-26/cases/ZECUSDT-SHORT-EXH-1774523700000/pre_pending.png,/root/binance_bot_signals/review_workspace/2026-03-26/cases/ZECUSDT-SHORT-EXH-1774523700000/pending_open.png,,/root/binance_bot_signals/review_workspace/2026-03-26/cases/ZECUSDT-SHORT-EXH-1774523700000/case_close.png,Y,Y,N,Y,N,UNREVIEWED,UNREVIEWED,UNREVIEWED,UNREVIEWED,UNSET,
1000SHIBUSDT-SHORT-EXH-1774525500000,2026-03-26,1000SHIBUSDT,SHORT,short_exhaustion_retest,1000SHIBUSDT-SHORT-EXH-1774525500000,,1774525500000,1774526566381,0,0,1774528227135,1774540966381,2026-03-26 18:45:00,2026-03-26 19:02:46,,,2026-03-26 19:30:27,2026-03-26 23:02:46,0.005886,0.005897,,,,,INVALIDATED,retest invalidated,0,,27.68,,,/root/binance_bot_signals/review_workspace/2026-03-26/cases/1000SHIBUSDT-SHORT-EXH-1774525500000/pre_pending.png,/root/binance_bot_signals/review_workspace/2026-03-26/cases/1000SHIBUSDT-SHORT-EXH-1774525500000/pending_open.png,,/root/binance_bot_signals/review_workspace/2026-03-26/cases/1000SHIBUSDT-SHORT-EXH-1774525500000/case_close.png,Y,Y,N,Y,N,UNREVIEWED,UNREVIEWED,UNREVIEWED,UNREVIEWED,UNSET,
BEATUSDT-LONG-1774529700000,2026-03-26,BEATUSDT,LONG,long_breakout_retest,BEATUSDT-LONG-1774529700000,,1774529700000,1774530007187,0,0,0,1774544407187,2026-03-26 19:55:00,2026-03-26 20:00:07,,,,2026-03-27 00:00:07,0.5892,0.577,,,,,PENDING,,0,,,,,/root/binance_bot_signals/review_workspace/2026-03-26/cases/BEATUSDT-LONG-1774529700000/pre_pending.png,/root/binance_bot_signals/review_workspace/2026-03-26/cases/BEATUSDT-LONG-1774529700000/pending_open.png,,/root/binance_bot_signals/review_workspace/2026-03-26/cases/BEATUSDT-LONG-1774529700000/case_close.png,Y,Y,N,Y,N,UNREVIEWED,UNREVIEWED,UNREVIEWED,UNREVIEWED,UNSET,
TAOUSDT-LONG-1774530300000,2026-03-26,TAOUSDT,LONG,long_breakout_retest,TAOUSDT-LONG-1774530300000,,1774530300000,1774530759212,0,0,0,1774545159212,2026-03-26 20:05:00,2026-03-26 20:12:39,,,,2026-03-27 00:12:39,343.55,341.44,,,,,PENDING,,0,,,,,/root/binance_bot_signals/review_workspace/2026-03-26/cases/TAOUSDT-LONG-1774530300000/pre_pending.png,/root/binance_bot_signals/review_workspace/2026-03-26/cases/TAOUSDT-LONG-1774530300000/pending_open.png,,/root/binance_bot_signals/review_workspace/2026-03-26/cases/TAOUSDT-LONG-1774530300000/case_close.png,Y,Y,N,Y,N,UNREVIEWED,UNREVIEWED,UNREVIEWED,UNREVIEWED,UNSET,
SIRENUSDT-LONG-1774530300000,2026-03-26,SIRENUSDT,LONG,long_breakout_retest,SIRENUSDT-LONG-1774530300000,,1774530300000,1774530762026,0,0,1774530924262,1774545162026,2026-03-26 20:05:00,2026-03-26 20:12:42,,,2026-03-26 20:15:24,2026-03-27 00:12:42,2.03129,2.00502,,,,,INVALIDATED,acceptance_floor_lost 2.005000<2.027550,0,,2.7,,,/root/binance_bot_signals/review_workspace/2026-03-26/cases/SIRENUSDT-LONG-1774530300000/pre_pending.png,/root/binance_bot_signals/review_workspace/2026-03-26/cases/SIRENUSDT-LONG-1774530300000/pending_open.png,,/root/binance_bot_signals/review_workspace/2026-03-26/cases/SIRENUSDT-LONG-1774530300000/case_close.png,Y,Y,N,Y,N,UNREVIEWED,UNREVIEWED,UNREVIEWED,UNREVIEWED,UNSET,
DUSKUSDT-SHORT-EXH-1774531800000,2026-03-26,DUSKUSDT,SHORT,short_exhaustion_retest,DUSKUSDT-SHORT-EXH-1774531800000,,1774531800000,1774532743987,0,0,0,1774547143987,2026-03-26 20:30:00,2026-03-26 20:45:43,,,,2026-03-27 00:45:43,0.11622,0.11672,,,,,PENDING,,0,,,,,/root/binance_bot_signals/review_workspace/2026-03-26/cases/DUSKUSDT-SHORT-EXH-1774531800000/pre_pending.png,/root/binance_bot_signals/review_workspace/2026-03-26/cases/DUSKUSDT-SHORT-EXH-1774531800000/pending_open.png,,/root/binance_bot_signals/review_workspace/2026-03-26/cases/DUSKUSDT-SHORT-EXH-1774531800000/case_close.png,Y,Y,N,Y,N,UNREVIEWED,UNREVIEWED,UNREVIEWED,UNREVIEWED,UNSET,
XMRUSDT-SHORT-EXH-1774535400000,2026-03-26,XMRUSDT,SHORT,short_exhaustion_retest,XMRUSDT-SHORT-EXH-1774535400000,,1774535400000,1774536626063,0,0,1774539048228,1774551026063,2026-03-26 21:30:00,2026-03-26 21:50:26,,,2026-03-26 22:30:48,2026-03-27 01:50:26,332.58,333.58,,,,,EXPIRED_WAIT,retest wait expired,0,,40.37,,,/root/binance_bot_signals/review_workspace/2026-03-26/cases/XMRUSDT-SHORT-EXH-1774535400000/pre_pending.png,/root/binance_bot_signals/review_workspace/2026-03-26/cases/XMRUSDT-SHORT-EXH-1774535400000/pending_open.png,,/root/binance_bot_signals/review_workspace/2026-03-26/cases/XMRUSDT-SHORT-EXH-1774535400000/case_close.png,Y,Y,N,Y,N,UNREVIEWED,UNREVIEWED,UNREVIEWED,UNREVIEWED,UNSET,
CYSUSDT-LONG-1774537200000,2026-03-26,CYSUSDT,LONG,long_breakout_retest,CYSUSDT-LONG-1774537200000,,1774537200000,1774537765787,0,0,1774538288969,1774552165787,2026-03-26 22:00:00,2026-03-26 22:09:25,,,2026-03-26 22:18:08,2026-03-27 02:09:25,0.4298,0.4235,,,,,INVALIDATED,retest invalidated,0,,8.72,,,/root/binance_bot_signals/review_workspace/2026-03-26/cases/CYSUSDT-LONG-1774537200000/pre_pending.png,/root/binance_bot_signals/review_workspace/2026-03-26/cases/CYSUSDT-LONG-1774537200000/pending_open.png,,/root/binance_bot_signals/review_workspace/2026-03-26/cases/CYSUSDT-LONG-1774537200000/case_close.png,Y,Y,N,Y,N,UNREVIEWED,UNREVIEWED,UNREVIEWED,UNREVIEWED,UNSET,
XRPUSDT-SHORT-EXH-1774537200000,2026-03-26,XRPUSDT,SHORT,short_exhaustion_retest,XRPUSDT-SHORT-EXH-1774537200000,,1774537200000,1774538128964,0,0,1774540964837,1774552528964,2026-03-26 22:00:00,2026-03-26 22:15:28,,,2026-03-26 23:02:44,2026-03-27 02:15:28,1.3556,1.3641,,,,,EXPIRED_WAIT,retest wait expired,0,,47.26,,,/root/binance_bot_signals/review_workspace/2026-03-26/cases/XRPUSDT-SHORT-EXH-1774537200000/pre_pending.png,/root/binance_bot_signals/review_workspace/2026-03-26/cases/XRPUSDT-SHORT-EXH-1774537200000/pending_open.png,,/root/binance_bot_signals/review_workspace/2026-03-26/cases/XRPUSDT-SHORT-EXH-1774537200000/case_close.png,Y,Y,N,Y,N,UNREVIEWED,UNREVIEWED,UNREVIEWED,UNREVIEWED,UNSET,
BSBUSDT-LONG-1774538700000,2026-03-26,BSBUSDT,LONG,long_breakout_retest,BSBUSDT-LONG-1774538700000,,1774538700000,1774539286014,0,0,1774539436144,1774553686014,2026-03-26 22:25:00,2026-03-26 22:34:46,,,2026-03-26 22:37:16,2026-03-27 02:34:46,0.16786,0.166,,,,,INVALIDATED,acceptance_floor_lost 0.166060<0.169574,0,,2.5,,,/root/binance_bot_signals/review_workspace/2026-03-26/cases/BSBUSDT-LONG-1774538700000/pre_pending.png,/root/binance_bot_signals/review_workspace/2026-03-26/cases/BSBUSDT-LONG-1774538700000/pending_open.png,,/root/binance_bot_signals/review_workspace/2026-03-26/cases/BSBUSDT-LONG-1774538700000/case_close.png,Y,Y,N,Y,N,UNREVIEWED,UNREVIEWED,UNREVIEWED,UNREVIEWED,UNSET,
XMRUSDT-SHORT-EXH-1774538100000,2026-03-26,XMRUSDT,SHORT,short_exhaustion_retest,XMRUSDT-SHORT-EXH-1774538100000,,1774538100000,1774539307812,0,0,1774541734097,1774553707812,2026-03-26 22:15:00,2026-03-26 22:35:07,,,2026-03-26 23:15:34,2026-03-27 02:35:07,326.51,330.29,,,,,EXPIRED_WAIT,retest wait expired,0,,40.44,,,/root/binance_bot_signals/review_workspace/2026-03-26/cases/XMRUSDT-SHORT-EXH-1774538100000/pre_pending.png,/root/binance_bot_signals/review_workspace/2026-03-26/cases/XMRUSDT-SHORT-EXH-1774538100000/pending_open.png,,/root/binance_bot_signals/review_workspace/2026-03-26/cases/XMRUSDT-SHORT-EXH-1774538100000/case_close.png,Y,Y,N,Y,N,UNREVIEWED,UNREVIEWED,UNREVIEWED,UNREVIEWED,UNSET,
BEATUSDT-LONG-1774540800000,2026-03-26,BEATUSDT,LONG,long_breakout_retest,BEATUSDT-LONG-1774540800000,,1774540800000,1774541208446,0,0,1774541734870,1774555608446,2026-03-26 23:00:00,2026-03-26 23:06:48,,,2026-03-26 23:15:34,2026-03-27 03:06:48,0.6115,0.6066,,,,,INVALIDATED,retest invalidated,0,,8.77,,,/root/binance_bot_signals/review_workspace/2026-03-26/cases/BEATUSDT-LONG-1774540800000/pre_pending.png,/root/binance_bot_signals/review_workspace/2026-03-26/cases/BEATUSDT-LONG-1774540800000/pending_open.png,,/root/binance_bot_signals/review_workspace/2026-03-26/cases/BEATUSDT-LONG-1774540800000/case_close.png,Y,Y,N,Y,N,UNREVIEWED,UNREVIEWED,UNREVIEWED,UNREVIEWED,UNSET,
HYPEUSDT-SHORT-EXH-1774541700000,2026-03-26,HYPEUSDT,SHORT,short_exhaustion_retest,HYPEUSDT-SHORT-EXH-1774541700000,,1774541700000,1774542725307,0,0,0,1774557125307,2026-03-26 23:15:00,2026-03-26 23:32:05,,,,2026-03-27 03:32:05,38.829,39.055,,,,,PENDING,,0,,,,,/root/binance_bot_signals/review_workspace/2026-03-26/cases/HYPEUSDT-SHORT-EXH-1774541700000/pre_pending.png,/root/binance_bot_signals/review_workspace/2026-03-26/cases/HYPEUSDT-SHORT-EXH-1774541700000/pending_open.png,,/root/binance_bot_signals/review_workspace/2026-03-26/cases/HYPEUSDT-SHORT-EXH-1774541700000/case_close.png,Y,Y,N,Y,N,UNREVIEWED,UNREVIEWED,UNREVIEWED,UNREVIEWED,UNSET,
