case_id,symbol,side,strategy,case_day,signal_time_local,created_time_local,confirmed_time_local,sent_time_local,close_time_local,fallback_close_due_time_local,status_final,close_reason,is_confirmed,is_sent_signal,case_close_type,slot_bundle_complete,evidence_ready_for_review,lifecycle_complete,human_review_status,verdict_code,root_cause_code,action_candidate_code,review_notes_short,pre_pending_stage_status,pre_pending_stage_content_type,pre_pending_image_path,pending_open_stage_status,pending_open_stage_content_type,pending_open_image_path,entry_or_confirm_stage_status,entry_or_confirm_stage_content_type,entry_or_confirm_image_path,case_close_stage_status,case_close_stage_content_type,case_close_image_path
STGUSDT-LONG-1774607100000,STGUSDT,LONG,long_breakout_retest,2026-03-27,2026-03-27 17:25:00,2026-03-27 17:33:41,,,,2026-03-27 21:33:41,EXPIRED_WAIT,retest wait expired,N,N,true_close,Y,partial,Y,PENDING,,,,,missing_unexpected,none,,missing_unexpected,none,,not_applicable,none,,captured,chart_snapshot,/root/binance_bot_signals/review_snapshots/20260327/STGUSDT_LONG_long_breakout_retest_closed_1774609500000.png
SOLUSDT-SHORT-EXH-1774607400000,SOLUSDT,SHORT,short_exhaustion_retest,2026-03-27,2026-03-27 17:30:00,2026-03-27 17:46:30,,,,2026-03-27 21:46:30,EXPIRED_WAIT,retest wait expired,N,N,true_close,Y,partial,Y,PENDING,,,,,missing_unexpected,none,,missing_unexpected,none,,not_applicable,none,,captured,chart_snapshot,/root/binance_bot_signals/review_snapshots/20260327/SOLUSDT_SHORT_short_exhaustion_retest_closed_1774610100000.png
BNBUSDT-SHORT-EXH-1774607400000,BNBUSDT,SHORT,short_exhaustion_retest,2026-03-27,2026-03-27 17:30:00,2026-03-27 17:46:36,,,,2026-03-27 21:46:36,EXPIRED_WAIT,retest wait expired,N,N,true_close,Y,partial,Y,PENDING,,,,,missing_unexpected,none,,missing_unexpected,none,,not_applicable,none,,captured,chart_snapshot,/root/binance_bot_signals/review_snapshots/20260327/BNBUSDT_SHORT_short_exhaustion_retest_closed_1774610100000.png
HYPEUSDT-SHORT-EXH-1774607400000,HYPEUSDT,SHORT,short_exhaustion_retest,2026-03-27,2026-03-27 17:30:00,2026-03-27 17:46:38,,,,2026-03-27 21:46:38,CONFIRMED,signal confirmed,N,N,not_due_yet,Y,none,N,PENDING,,,,,missing_unexpected,none,,missing_unexpected,none,,captured,chart_snapshot,/root/binance_bot_signals/review_snapshots/20260327/HYPEUSDT_SHORT_short_exhaustion_retest_confirmed_1774609260479.png,not_reached_yet,none,
1000PEPEUSDT-SHORT-EXH-1774607400000,1000PEPEUSDT,SHORT,short_exhaustion_retest,2026-03-27,2026-03-27 17:30:00,2026-03-27 17:46:43,,,,2026-03-27 21:46:43,EXPIRED_WAIT,retest wait expired,N,N,true_close,Y,partial,Y,PENDING,,,,,missing_unexpected,none,,missing_unexpected,none,,not_applicable,none,,captured,chart_snapshot,/root/binance_bot_signals/review_snapshots/20260327/1000PEPEUSDT_SHORT_short_exhaustion_retest_closed_1774610100000.png
ADAUSDT-SHORT-EXH-1774607400000,ADAUSDT,SHORT,short_exhaustion_retest,2026-03-27,2026-03-27 17:30:00,2026-03-27 17:46:47,,,,2026-03-27 21:46:47,EXPIRED_WAIT,retest wait expired,N,N,true_close,Y,partial,Y,PENDING,,,,,missing_unexpected,none,,missing_unexpected,none,,not_applicable,none,,captured,chart_snapshot,/root/binance_bot_signals/review_snapshots/20260327/ADAUSDT_SHORT_short_exhaustion_retest_closed_1774610100000.png
SUIUSDT-SHORT-EXH-1774607400000,SUIUSDT,SHORT,short_exhaustion_retest,2026-03-27,2026-03-27 17:30:00,2026-03-27 17:47:06,,,2026-03-27 18:31:21,2026-03-27 21:47:06,EXPIRED_WAIT,retest wait expired,N,N,true_close,Y,full,Y,PENDING,,,,,captured,chart_snapshot,/root/binance_bot_signals/review_snapshots/20260327/SUIUSDT_SHORT_short_exhaustion_retest_pre_pending_1774606500000.png,captured,chart_snapshot,/root/binance_bot_signals/review_snapshots/20260327/SUIUSDT_SHORT_short_exhaustion_retest_pending_1774607400000.png,not_applicable,none,,captured,chart_snapshot,/root/binance_bot_signals/review_snapshots/20260327/SUIUSDT_SHORT_short_exhaustion_retest_closed_1774610100000.png
AVAXUSDT-SHORT-EXH-1774607400000,AVAXUSDT,SHORT,short_exhaustion_retest,2026-03-27,2026-03-27 17:30:00,2026-03-27 17:47:10,,,2026-03-27 18:31:22,2026-03-27 21:47:10,EXPIRED_WAIT,retest wait expired,N,N,true_close,Y,full,Y,PENDING,,,,,captured,chart_snapshot,/root/binance_bot_signals/review_snapshots/20260327/AVAXUSDT_SHORT_short_exhaustion_retest_pre_pending_1774606500000.png,captured,chart_snapshot,/root/binance_bot_signals/review_snapshots/20260327/AVAXUSDT_SHORT_short_exhaustion_retest_pending_1774607400000.png,not_applicable,none,,captured,chart_snapshot,/root/binance_bot_signals/review_snapshots/20260327/AVAXUSDT_SHORT_short_exhaustion_retest_closed_1774610100000.png
LINKUSDT-SHORT-EXH-1774607400000,LINKUSDT,SHORT,short_exhaustion_retest,2026-03-27,2026-03-27 17:30:00,2026-03-27 17:47:14,,,2026-03-27 18:31:23,2026-03-27 21:47:14,EXPIRED_WAIT,retest wait expired,N,N,true_close,Y,full,Y,PENDING,,,,,captured,chart_snapshot,/root/binance_bot_signals/review_snapshots/20260327/LINKUSDT_SHORT_short_exhaustion_retest_pre_pending_1774606500000.png,captured,chart_snapshot,/root/binance_bot_signals/review_snapshots/20260327/LINKUSDT_SHORT_short_exhaustion_retest_pending_1774607400000.png,not_applicable,none,,captured,chart_snapshot,/root/binance_bot_signals/review_snapshots/20260327/LINKUSDT_SHORT_short_exhaustion_retest_closed_1774610100000.png
AAVEUSDT-SHORT-EXH-1774607400000,AAVEUSDT,SHORT,short_exhaustion_retest,2026-03-27,2026-03-27 17:30:00,2026-03-27 17:47:23,,,2026-03-27 18:31:23,2026-03-27 21:47:23,EXPIRED_WAIT,retest wait expired,N,N,true_close,Y,full,Y,PENDING,,,,,captured,chart_snapshot,/root/binance_bot_signals/review_snapshots/20260327/AAVEUSDT_SHORT_short_exhaustion_retest_pre_pending_1774606500000.png,captured,chart_snapshot,/root/binance_bot_signals/review_snapshots/20260327/AAVEUSDT_SHORT_short_exhaustion_retest_pending_1774607400000.png,not_applicable,none,,captured,chart_snapshot,/root/binance_bot_signals/review_snapshots/20260327/AAVEUSDT_SHORT_short_exhaustion_retest_closed_1774610100000.png
LTCUSDT-SHORT-EXH-1774607400000,LTCUSDT,SHORT,short_exhaustion_retest,2026-03-27,2026-03-27 17:30:00,2026-03-27 17:47:28,,,2026-03-27 18:31:24,2026-03-27 21:47:28,EXPIRED_WAIT,retest wait expired,N,N,true_close,Y,full,Y,PENDING,,,,,captured,chart_snapshot,/root/binance_bot_signals/review_snapshots/20260327/LTCUSDT_SHORT_short_exhaustion_retest_pre_pending_1774606500000.png,captured,chart_snapshot,/root/binance_bot_signals/review_snapshots/20260327/LTCUSDT_SHORT_short_exhaustion_retest_pending_1774607400000.png,not_applicable,none,,captured,chart_snapshot,/root/binance_bot_signals/review_snapshots/20260327/LTCUSDT_SHORT_short_exhaustion_retest_closed_1774610100000.png
UNIUSDT-SHORT-EXH-1774607400000,UNIUSDT,SHORT,short_exhaustion_retest,2026-03-27,2026-03-27 17:30:00,2026-03-27 17:47:38,,,2026-03-27 18:31:25,2026-03-27 21:47:38,EXPIRED_WAIT,retest wait expired,N,N,true_close,Y,full,Y,PENDING,,,,,captured,chart_snapshot,/root/binance_bot_signals/review_snapshots/20260327/UNIUSDT_SHORT_short_exhaustion_retest_pre_pending_1774606500000.png,captured,chart_snapshot,/root/binance_bot_signals/review_snapshots/20260327/UNIUSDT_SHORT_short_exhaustion_retest_pending_1774607400000.png,not_applicable,none,,captured,chart_snapshot,/root/binance_bot_signals/review_snapshots/20260327/UNIUSDT_SHORT_short_exhaustion_retest_closed_1774610100000.png
GALAUSDT-SHORT-EXH-1774607400000,GALAUSDT,SHORT,short_exhaustion_retest,2026-03-27,2026-03-27 17:30:00,2026-03-27 17:47:42,,,2026-03-27 18:31:26,2026-03-27 21:47:42,EXPIRED_WAIT,retest wait expired,N,N,true_close,Y,full,Y,PENDING,,,,,captured,chart_snapshot,/root/binance_bot_signals/review_snapshots/20260327/GALAUSDT_SHORT_short_exhaustion_retest_pre_pending_1774606500000.png,captured,chart_snapshot,/root/binance_bot_signals/review_snapshots/20260327/GALAUSDT_SHORT_short_exhaustion_retest_pending_1774607400000.png,not_applicable,none,,captured,chart_snapshot,/root/binance_bot_signals/review_snapshots/20260327/GALAUSDT_SHORT_short_exhaustion_retest_closed_1774610100000.png
VIRTUALUSDT-SHORT-EXH-1774607400000,VIRTUALUSDT,SHORT,short_exhaustion_retest,2026-03-27,2026-03-27 17:30:00,2026-03-27 17:47:47,,,2026-03-27 18:31:27,2026-03-27 21:47:47,EXPIRED_WAIT,retest wait expired,N,N,true_close,Y,full,Y,PENDING,,,,,captured,chart_snapshot,/root/binance_bot_signals/review_snapshots/20260327/VIRTUALUSDT_SHORT_short_exhaustion_retest_pre_pending_1774606500000.png,captured,chart_snapshot,/root/binance_bot_signals/review_snapshots/20260327/VIRTUALUSDT_SHORT_short_exhaustion_retest_pending_1774607400000.png,not_applicable,none,,captured,chart_snapshot,/root/binance_bot_signals/review_snapshots/20260327/VIRTUALUSDT_SHORT_short_exhaustion_retest_closed_1774610100000.png
ARBUSDT-SHORT-EXH-1774607400000,ARBUSDT,SHORT,short_exhaustion_retest,2026-03-27,2026-03-27 17:30:00,2026-03-27 17:47:51,,,2026-03-27 18:31:28,2026-03-27 21:47:51,EXPIRED_WAIT,retest wait expired,N,N,true_close,Y,full,Y,PENDING,,,,,captured,chart_snapshot,/root/binance_bot_signals/review_snapshots/20260327/ARBUSDT_SHORT_short_exhaustion_retest_pre_pending_1774606500000.png,captured,chart_snapshot,/root/binance_bot_signals/review_snapshots/20260327/ARBUSDT_SHORT_short_exhaustion_retest_pending_1774607400000.png,not_applicable,none,,captured,chart_snapshot,/root/binance_bot_signals/review_snapshots/20260327/ARBUSDT_SHORT_short_exhaustion_retest_closed_1774610100000.png
RENDERUSDT-SHORT-EXH-1774607400000,RENDERUSDT,SHORT,short_exhaustion_retest,2026-03-27,2026-03-27 17:30:00,2026-03-27 17:47:54,,,2026-03-27 18:31:29,2026-03-27 21:47:54,EXPIRED_WAIT,retest wait expired,N,N,true_close,Y,full,Y,PENDING,,,,,captured,chart_snapshot,/root/binance_bot_signals/review_snapshots/20260327/RENDERUSDT_SHORT_short_exhaustion_retest_pre_pending_1774606500000.png,captured,chart_snapshot,/root/binance_bot_signals/review_snapshots/20260327/RENDERUSDT_SHORT_short_exhaustion_retest_pending_1774607400000.png,not_applicable,none,,captured,chart_snapshot,/root/binance_bot_signals/review_snapshots/20260327/RENDERUSDT_SHORT_short_exhaustion_retest_closed_1774610100000.png
WLFIUSDT-SHORT-EXH-1774607400000,WLFIUSDT,SHORT,short_exhaustion_retest,2026-03-27,2026-03-27 17:30:00,2026-03-27 17:48:00,,,2026-03-27 18:17:42,2026-03-27 21:48:00,INVALIDATED,retest invalidated,N,N,true_close,Y,full,Y,PENDING,,,,,captured,chart_snapshot,/root/binance_bot_signals/review_snapshots/20260327/WLFIUSDT_SHORT_short_exhaustion_retest_pre_pending_1774606500000.png,captured,chart_snapshot,/root/binance_bot_signals/review_snapshots/20260327/WLFIUSDT_SHORT_short_exhaustion_retest_pending_1774607400000.png,not_applicable,none,,captured,chart_snapshot,/root/binance_bot_signals/review_snapshots/20260327/WLFIUSDT_SHORT_short_exhaustion_retest_closed_1774609200000.png
TRXUSDT-SHORT-EXH-1774608300000,TRXUSDT,SHORT,short_exhaustion_retest,2026-03-27,2026-03-27 17:45:00,2026-03-27 18:01:23,,,2026-03-27 18:45:09,2026-03-27 22:01:23,EXPIRED_WAIT,retest wait expired,N,N,true_close,Y,full,Y,PENDING,,,,,captured,chart_snapshot,/root/binance_bot_signals/review_snapshots/20260327/TRXUSDT_SHORT_short_exhaustion_retest_pre_pending_1774607400000.png,captured,chart_snapshot,/root/binance_bot_signals/review_snapshots/20260327/TRXUSDT_SHORT_short_exhaustion_retest_pending_1774608300000.png,not_applicable,none,,captured,chart_snapshot,/root/binance_bot_signals/review_snapshots/20260327/TRXUSDT_SHORT_short_exhaustion_retest_closed_1774611000000.png
PUMPUSDT-SHORT-EXH-1774608300000,PUMPUSDT,SHORT,short_exhaustion_retest,2026-03-27,2026-03-27 17:45:00,2026-03-27 18:01:27,,,2026-03-27 18:45:10,2026-03-27 22:01:27,EXPIRED_WAIT,retest wait expired,N,N,true_close,Y,full,Y,PENDING,,,,,captured,chart_snapshot,/root/binance_bot_signals/review_snapshots/20260327/PUMPUSDT_SHORT_short_exhaustion_retest_pre_pending_1774607400000.png,captured,chart_snapshot,/root/binance_bot_signals/review_snapshots/20260327/PUMPUSDT_SHORT_short_exhaustion_retest_pending_1774608300000.png,not_applicable,none,,captured,chart_snapshot,/root/binance_bot_signals/review_snapshots/20260327/PUMPUSDT_SHORT_short_exhaustion_retest_closed_1774611000000.png
SUPERUSDT-SHORT-EXH-1774608300000,SUPERUSDT,SHORT,short_exhaustion_retest,2026-03-27,2026-03-27 17:45:00,2026-03-27 18:01:33,,,2026-03-27 18:45:10,2026-03-27 22:01:33,EXPIRED_WAIT,retest wait expired,N,N,true_close,Y,full,Y,PENDING,,,,,captured,chart_snapshot,/root/binance_bot_signals/review_snapshots/20260327/SUPERUSDT_SHORT_short_exhaustion_retest_pre_pending_1774607400000.png,captured,chart_snapshot,/root/binance_bot_signals/review_snapshots/20260327/SUPERUSDT_SHORT_short_exhaustion_retest_pending_1774608300000.png,not_applicable,none,,captured,chart_snapshot,/root/binance_bot_signals/review_snapshots/20260327/SUPERUSDT_SHORT_short_exhaustion_retest_closed_1774611000000.png
APTUSDT-SHORT-EXH-1774608300000,APTUSDT,SHORT,short_exhaustion_retest,2026-03-27,2026-03-27 17:45:00,2026-03-27 18:01:39,,,2026-03-27 18:45:11,2026-03-27 22:01:39,EXPIRED_WAIT,retest wait expired,N,N,true_close,Y,full,Y,PENDING,,,,,captured,chart_snapshot,/root/binance_bot_signals/review_snapshots/20260327/APTUSDT_SHORT_short_exhaustion_retest_pre_pending_1774607400000.png,captured,chart_snapshot,/root/binance_bot_signals/review_snapshots/20260327/APTUSDT_SHORT_short_exhaustion_retest_pending_1774608300000.png,not_applicable,none,,captured,chart_snapshot,/root/binance_bot_signals/review_snapshots/20260327/APTUSDT_SHORT_short_exhaustion_retest_closed_1774611000000.png
WIFUSDT-SHORT-EXH-1774608300000,WIFUSDT,SHORT,short_exhaustion_retest,2026-03-27,2026-03-27 17:45:00,2026-03-27 18:01:43,2026-03-27 18:31:30,,,2026-03-27 22:01:43,CONFIRMED,,Y,N,not_due_yet,Y,full,N,PENDING,,,,,captured,chart_snapshot,/root/binance_bot_signals/review_snapshots/20260327/WIFUSDT_SHORT_short_exhaustion_retest_pre_pending_1774607400000.png,captured,chart_snapshot,/root/binance_bot_signals/review_snapshots/20260327/WIFUSDT_SHORT_short_exhaustion_retest_pending_1774608300000.png,captured,chart_snapshot,/root/binance_bot_signals/review_snapshots/20260327/WIFUSDT_SHORT_short_exhaustion_retest_confirmed_1774611090703.png,not_reached_yet,none,
1000BONKUSDT-SHORT-EXH-1774608300000,1000BONKUSDT,SHORT,short_exhaustion_retest,2026-03-27,2026-03-27 17:45:00,2026-03-27 18:12:51,,,2026-03-27 18:17:43,2026-03-27 22:12:51,INVALIDATED,retest invalidated,N,N,true_close,Y,full,Y,PENDING,,,,,captured,chart_snapshot,/root/binance_bot_signals/review_snapshots/20260327/1000BONKUSDT_SHORT_short_exhaustion_retest_pre_pending_1774607400000.png,captured,chart_snapshot,/root/binance_bot_signals/review_snapshots/20260327/1000BONKUSDT_SHORT_short_exhaustion_retest_pending_1774608300000.png,not_applicable,none,,captured,chart_snapshot,/root/binance_bot_signals/review_snapshots/20260327/1000BONKUSDT_SHORT_short_exhaustion_retest_closed_1774609200000.png
PIXELUSDT-LONG-1774611900000,PIXELUSDT,LONG,long_breakout_retest,2026-03-27,2026-03-27 18:45:00,2026-03-27 18:51:09,,,2026-03-27 19:01:25,2026-03-27 22:51:09,INVALIDATED,acceptance_floor_lost 0.008736<0.008908,N,N,true_close,Y,full,Y,PENDING,,,,,captured,chart_snapshot,/root/binance_bot_signals/review_snapshots/20260327/PIXELUSDT_LONG_long_breakout_retest_pre_pending_1774611600000.png,captured,chart_snapshot,/root/binance_bot_signals/review_snapshots/20260327/PIXELUSDT_LONG_long_breakout_retest_pending_1774611900000.png,not_applicable,none,,captured,chart_snapshot,/root/binance_bot_signals/review_snapshots/20260327/PIXELUSDT_LONG_long_breakout_retest_closed_1774612500000.png
PIXELUSDT-LONG-1774615500000,PIXELUSDT,LONG,long_breakout_retest,2026-03-27,2026-03-27 19:45:00,2026-03-27 19:53:34,,,2026-03-27 19:55:49,2026-03-27 23:53:34,INVALIDATED,retest invalidated,N,N,true_close,Y,full,Y,PENDING,,,,,captured,chart_snapshot,/root/binance_bot_signals/review_snapshots/20260327/PIXELUSDT_LONG_long_breakout_retest_pre_pending_1774615200000.png,captured,chart_snapshot,/root/binance_bot_signals/review_snapshots/20260327/PIXELUSDT_LONG_long_breakout_retest_pending_1774615500000.png,not_applicable,none,,captured,chart_snapshot,/root/binance_bot_signals/review_snapshots/20260327/PIXELUSDT_LONG_long_breakout_retest_closed_1774615800000.png
CUSDT-LONG-1774619400000,CUSDT,LONG,long_breakout_retest,2026-03-27,2026-03-27 20:50:00,2026-03-27 20:58:21,,,2026-03-27 21:11:52,2026-03-28 00:58:21,INVALIDATED,retest invalidated,N,N,true_close,Y,full,Y,PENDING,,,,,captured,chart_snapshot,/root/binance_bot_signals/review_snapshots/20260327/CUSDT_LONG_long_breakout_retest_pre_pending_1774619100000.png,captured,chart_snapshot,/root/binance_bot_signals/review_snapshots/20260327/CUSDT_LONG_long_breakout_retest_pending_1774619400000.png,not_applicable,none,,captured,chart_snapshot,/root/binance_bot_signals/review_snapshots/20260327/CUSDT_LONG_long_breakout_retest_closed_1774620300000.png
PIXELUSDT-LONG-1774619400000,PIXELUSDT,LONG,long_breakout_retest,2026-03-27,2026-03-27 20:50:00,2026-03-27 20:58:39,,,2026-03-27 21:06:25,2026-03-28 00:58:39,INVALIDATED,retest invalidated,N,N,true_close,Y,full,Y,PENDING,,,,,captured,chart_snapshot,/root/binance_bot_signals/review_snapshots/20260327/PIXELUSDT_LONG_long_breakout_retest_pre_pending_1774619100000.png,captured,chart_snapshot,/root/binance_bot_signals/review_snapshots/20260327/PIXELUSDT_LONG_long_breakout_retest_pending_1774619400000.png,not_applicable,none,,captured,chart_snapshot,/root/binance_bot_signals/review_snapshots/20260327/PIXELUSDT_LONG_long_breakout_retest_closed_1774620000000.png
XAUTUSDT-LONG-1774620000000,XAUTUSDT,LONG,long_breakout_retest,2026-03-27,2026-03-27 21:00:00,2026-03-27 21:09:47,,,2026-03-27 21:17:22,2026-03-28 01:09:47,INVALIDATED,acceptance_floor_lost 4437.190000<4445.748000,N,N,true_close,Y,full,Y,PENDING,,,,,captured,chart_snapshot,/root/binance_bot_signals/review_snapshots/20260327/XAUTUSDT_LONG_long_breakout_retest_pre_pending_1774619700000.png,captured,chart_snapshot,/root/binance_bot_signals/review_snapshots/20260327/XAUTUSDT_LONG_long_breakout_retest_pending_1774620000000.png,not_applicable,none,,captured,chart_snapshot,/root/binance_bot_signals/review_snapshots/20260327/XAUTUSDT_LONG_long_breakout_retest_closed_1774620600000.png
PIXELUSDT-LONG-1774620300000,PIXELUSDT,LONG,long_breakout_retest,2026-03-27,2026-03-27 21:05:00,2026-03-27 21:12:17,,,2026-03-27 21:17:23,2026-03-28 01:12:17,INVALIDATED,acceptance_floor_lost 0.009715<0.009846,N,N,true_close,Y,full,Y,PENDING,,,,,captured,chart_snapshot,/root/binance_bot_signals/review_snapshots/20260327/PIXELUSDT_LONG_long_breakout_retest_pre_pending_1774620000000.png,captured,chart_snapshot,/root/binance_bot_signals/review_snapshots/20260327/PIXELUSDT_LONG_long_breakout_retest_pending_1774620300000.png,not_applicable,none,,captured,chart_snapshot,/root/binance_bot_signals/review_snapshots/20260327/PIXELUSDT_LONG_long_breakout_retest_closed_1774620600000.png
PIXELUSDT-LONG-1774620900000,PIXELUSDT,LONG,long_breakout_retest,2026-03-27,2026-03-27 21:15:00,2026-03-27 21:20:29,,,2026-03-27 21:25:34,2026-03-28 01:20:29,INVALIDATED,retest invalidated,N,N,true_close,Y,full,Y,PENDING,,,,,captured,chart_snapshot,/root/binance_bot_signals/review_snapshots/20260327/PIXELUSDT_LONG_long_breakout_retest_pre_pending_1774620600000.png,captured,chart_snapshot,/root/binance_bot_signals/review_snapshots/20260327/PIXELUSDT_LONG_long_breakout_retest_pending_1774620900000.png,not_applicable,none,,captured,chart_snapshot,/root/binance_bot_signals/review_snapshots/20260327/PIXELUSDT_LONG_long_breakout_retest_closed_1774621200000.png
ARIAUSDT-LONG-1774621200000,ARIAUSDT,LONG,long_breakout_retest,2026-03-27,2026-03-27 21:20:00,2026-03-27 21:26:15,,,2026-03-27 21:31:04,2026-03-28 01:26:15,INVALIDATED,retest invalidated,N,N,true_close,Y,full,Y,PENDING,,,,,captured,chart_snapshot,/root/binance_bot_signals/review_snapshots/20260327/ARIAUSDT_LONG_long_breakout_retest_pre_pending_1774620900000.png,captured,chart_snapshot,/root/binance_bot_signals/review_snapshots/20260327/ARIAUSDT_LONG_long_breakout_retest_pending_1774621200000.png,not_applicable,none,,captured,chart_snapshot,/root/binance_bot_signals/review_snapshots/20260327/ARIAUSDT_LONG_long_breakout_retest_closed_1774621500000.png
DOGEUSDT-SHORT-EXH-1774620900000,DOGEUSDT,SHORT,short_exhaustion_retest,2026-03-27,2026-03-27 21:15:00,2026-03-27 21:31:10,,,2026-03-27 21:47:37,2026-03-28 01:31:10,INVALIDATED,retest invalidated,N,N,true_close,Y,full,Y,PENDING,,,,,captured,chart_snapshot,/root/binance_bot_signals/review_snapshots/20260327/DOGEUSDT_SHORT_short_exhaustion_retest_pre_pending_1774620000000.png,captured,chart_snapshot,/root/binance_bot_signals/review_snapshots/20260327/DOGEUSDT_SHORT_short_exhaustion_retest_pending_1774620900000.png,not_applicable,none,,captured,chart_snapshot,/root/binance_bot_signals/review_snapshots/20260327/DOGEUSDT_SHORT_short_exhaustion_retest_closed_1774621800000.png
BNBUSDT-SHORT-EXH-1774620900000,BNBUSDT,SHORT,short_exhaustion_retest,2026-03-27,2026-03-27 21:15:00,2026-03-27 21:31:13,,,2026-03-27 21:47:38,2026-03-28 01:31:13,INVALIDATED,retest invalidated,N,N,true_close,Y,full,Y,PENDING,,,,,captured,chart_snapshot,/root/binance_bot_signals/review_snapshots/20260327/BNBUSDT_SHORT_short_exhaustion_retest_pre_pending_1774620000000.png,captured,chart_snapshot,/root/binance_bot_signals/review_snapshots/20260327/BNBUSDT_SHORT_short_exhaustion_retest_pending_1774620900000.png,not_applicable,none,,captured,chart_snapshot,/root/binance_bot_signals/review_snapshots/20260327/BNBUSDT_SHORT_short_exhaustion_retest_closed_1774621800000.png
1000SHIBUSDT-SHORT-EXH-1774620900000,1000SHIBUSDT,SHORT,short_exhaustion_retest,2026-03-27,2026-03-27 21:15:00,2026-03-27 21:31:44,,,2026-03-27 21:47:38,2026-03-28 01:31:44,INVALIDATED,retest invalidated,N,N,true_close,Y,full,Y,PENDING,,,,,captured,chart_snapshot,/root/binance_bot_signals/review_snapshots/20260327/1000SHIBUSDT_SHORT_short_exhaustion_retest_pre_pending_1774620000000.png,captured,chart_snapshot,/root/binance_bot_signals/review_snapshots/20260327/1000SHIBUSDT_SHORT_short_exhaustion_retest_pending_1774620900000.png,not_applicable,none,,captured,chart_snapshot,/root/binance_bot_signals/review_snapshots/20260327/1000SHIBUSDT_SHORT_short_exhaustion_retest_closed_1774621800000.png
BRUSDT-LONG-1774621500000,BRUSDT,LONG,long_breakout_retest,2026-03-27,2026-03-27 21:25:00,2026-03-27 21:34:07,,,2026-03-27 22:12:10,2026-03-28 01:34:07,EXPIRED_WAIT,retest wait expired,N,N,true_close,Y,full,Y,PENDING,,,,,captured,chart_snapshot,/root/binance_bot_signals/review_snapshots/20260327/BRUSDT_LONG_long_breakout_retest_pre_pending_1774621200000.png,captured,chart_snapshot,/root/binance_bot_signals/review_snapshots/20260327/BRUSDT_LONG_long_breakout_retest_pending_1774621500000.png,not_applicable,none,,captured,chart_snapshot,/root/binance_bot_signals/review_snapshots/20260327/BRUSDT_LONG_long_breakout_retest_closed_1774623900000.png
TRXUSDT-SHORT-EXH-1774621800000,TRXUSDT,SHORT,short_exhaustion_retest,2026-03-27,2026-03-27 21:30:00,2026-03-27 21:45:11,2026-03-27 22:01:15,,,2026-03-28 01:45:11,CONFIRMED,,Y,N,not_due_yet,Y,full,N,PENDING,,,,,captured,chart_snapshot,/root/binance_bot_signals/review_snapshots/20260327/TRXUSDT_SHORT_short_exhaustion_retest_pre_pending_1774620900000.png,captured,chart_snapshot,/root/binance_bot_signals/review_snapshots/20260327/TRXUSDT_SHORT_short_exhaustion_retest_pending_1774621800000.png,captured,chart_snapshot,/root/binance_bot_signals/review_snapshots/20260327/TRXUSDT_SHORT_short_exhaustion_retest_confirmed_1774623675613.png,not_reached_yet,none,
ONUSDT-LONG-1774625400000,ONUSDT,LONG,long_breakout_retest,2026-03-27,2026-03-27 22:30:00,2026-03-27 22:37:14,,,2026-03-27 23:17:10,2026-03-28 02:37:14,EXPIRED_WAIT,retest wait expired,N,N,true_close,Y,full,Y,PENDING,,,,,captured,chart_snapshot,/root/binance_bot_signals/review_snapshots/20260327/ONUSDT_LONG_long_breakout_retest_pre_pending_1774625100000.png,captured,chart_snapshot,/root/binance_bot_signals/review_snapshots/20260327/ONUSDT_LONG_long_breakout_retest_pending_1774625400000.png,not_applicable,none,,captured,chart_snapshot,/root/binance_bot_signals/review_snapshots/20260327/ONUSDT_LONG_long_breakout_retest_closed_1774627800000.png
BASUSDT-LONG-1774627200000,BASUSDT,LONG,long_breakout_retest,2026-03-27,2026-03-27 23:00:00,2026-03-27 23:09:39,,,2026-03-27 23:11:47,2026-03-28 03:09:39,INVALIDATED,retest invalidated,N,N,true_close,Y,full,Y,PENDING,,,,,captured,chart_snapshot,/root/binance_bot_signals/review_snapshots/20260327/BASUSDT_LONG_long_breakout_retest_pre_pending_1774626900000.png,captured,chart_snapshot,/root/binance_bot_signals/review_snapshots/20260327/BASUSDT_LONG_long_breakout_retest_pending_1774627200000.png,not_applicable,none,,captured,chart_snapshot,/root/binance_bot_signals/review_snapshots/20260327/BASUSDT_LONG_long_breakout_retest_closed_1774627500000.png
ONUSDT-LONG-1774629900000,ONUSDT,LONG,long_breakout_retest,2026-03-27,2026-03-27 23:45:00,2026-03-27 23:52:28,,,2026-03-27 23:57:39,2026-03-28 03:52:28,INVALIDATED,retest invalidated,N,N,true_close,Y,full,Y,PENDING,,,,,captured,chart_snapshot,/root/binance_bot_signals/review_snapshots/20260327/ONUSDT_LONG_long_breakout_retest_pre_pending_1774629600000.png,captured,chart_snapshot,/root/binance_bot_signals/review_snapshots/20260327/ONUSDT_LONG_long_breakout_retest_pending_1774629900000.png,not_applicable,none,,captured,chart_snapshot,/root/binance_bot_signals/review_snapshots/20260327/ONUSDT_LONG_long_breakout_retest_closed_1774630200000.png
LYNUSDT-LONG-1774629900000,LYNUSDT,LONG,long_breakout_retest,2026-03-27,2026-03-27 23:45:00,2026-03-27 23:52:47,,,2026-03-28 00:30:03,2026-03-28 03:52:47,EXPIRED_WAIT,retest wait expired,N,N,true_close,Y,full,Y,PENDING,,,,,captured,chart_snapshot,/root/binance_bot_signals/review_snapshots/20260327/LYNUSDT_LONG_long_breakout_retest_pre_pending_1774629600000.png,captured,chart_snapshot,/root/binance_bot_signals/review_snapshots/20260327/LYNUSDT_LONG_long_breakout_retest_pending_1774629900000.png,not_applicable,none,,captured,chart_snapshot,/root/binance_bot_signals/review_snapshots/20260327/LYNUSDT_LONG_long_breakout_retest_closed_1774632300000.png
